SMILES,Bioactivity*,Label
[O-][N+](=O)c1cccc(c1)[N+]([O-])=O,1,training set
C[C@]12CC[C@H]3[C@@H](CCc4cc(OS(O)(=O)=O)ccc34)[C@@H]1CC[C@@]2(O)C#C,1,training set
CC(C)CCCC(C)C1CCC2C(CCCC12C)=CC=C1CC(O)CC(O)C1=C,1,training set
CC(=O)Nc1ccc-2c(Cc3ccccc-23)c1,1,training set
OCC1OC(O)CC(O)C1O,1,training set
CC1=CN(C2OC(CO)C(O)C2F)C(=O)NC1=O,1,training set
COc1cc2C3CCC4(C)C(O)CCC4C3CCc2cc1O,1,training set
Cc1ccc2cc3c(ccc4ccccc34)c3CCc1c23,1,training set
CCC(=C(c1ccc(O)cc1)c1ccc(OCCN(C)C)cc1)c1ccccc1,1,training set
NC1=NC(=O)N(C=N1)C1OC(CO)C(O)C1O,1,training set
OCC1OC(CC1O)N1C=C(F)C(=O)NC1=O,1,training set
Sc1ncnc2[nH]cnc12,1,training set
C[C@H]1O[C@H](O[C@@H]2[C@@H](CO)O[C@H](O[C@@H]3[C@@H](CO)O[C@@H](O)[C@H](O)[C@H]3O)[C@H](O)[C@H]2O)[C@H](O)[C@@H](O)[C@@H]1N[C@H]1C=C(CO)[C@@H](O)[C@H](O)[C@H]1O,1,training set
CCCC(=O)Nc1ccc(OCC(O)CNC(C)C)c(c1)C(C)=O,1,training set
CC(=O)CC(C1=C(O)c2ccccc2OC1=O)c1ccc(cc1)[N+]([O-])=O,1,training set
CC(=O)c1ccc(cc1)S(=O)(=O)NC(=O)NC1CCCCC1,1,training set
CC(=O)N[C@@H](CS)C(O)=O,1,training set
COc1cc(C)c(\C=C\C(\C)=C\C=C\C(\C)=C\C(O)=O)c(C)c1C,1,training set
NC1=NC(=O)c2ncn(COCCO)c2N1,1,training set
Nc1ncnc2n(cnc12)[C@@H]1O[C@H](CO)[C@@H](O)[C@H]1O,1,training set
COc1cc2O[C@H]3OC=C[C@H]3c2c2OC(=O)C3=C(CCC3=O)c12,1,training set
CCC1C2CC3C4N(C)c5ccccc5C44CC(C2C4O)N3C1O,1,training set
CCCSc1ccc2nc(NC(=O)OC)[nH]c2c1,1,training set
COC1CC2NC([N]C(N)C2CC1OC)N(C)CCCNC(=O)C1CCCO1,1,training set
OCC=C,1,training set
C=CCOC=O,1,training set
CCN(CCCc1ccccc1)CCCc1ccccc1,1,training set
NCCC(O)C(=O)NC1CC(N)C(OC2OC(CN)C(O)C(O)C2O)C(O)C1OC1OC(CO)C(O)C(N)C1O,1,training set
NC(=N)NC(=O)c1nc(Cl)c(N)nc1N,1,training set
OC(=O)CCCCCCNC1c2ccccc2CCc2ccccc12,1,training set
CN(C)C1=C(C)N(C)N(C1=O)c1ccccc1,1,training set
Nc1ccc(C(O)=O)c(O)c1,1,training set
CN(C)CCC=C1c2ccccc2CCc2ccccc12,1,training set
CCN(CC)Cc1cc(Nc2ccnc3cc(Cl)ccc23)ccc1O,1,training set
CC(N)Cc1ccccc1,1,training set
CC(C)CN(CC(O)C(Cc1ccccc1)NC(=O)OC1CCOC1)S(=O)(=O)c1ccc(N)cc1,1,training set
NC1=CC(=CNC1=O)c1ccncc1,1,training set
COc1cc(NS(C)(=O)=O)ccc1Nc1c2ccccc2nc2ccccc12,1,training set
CC(C)(C#N)c1cc(Cn2cncn2)cc(c1)C(C)(C)C#N,1,training set
S=C=Nc1cccc2ccccc12,1,training set
CC(=O)Oc1ccccc1C(O)=O,1,training set
CCCC1(CCC)CCC2(CCN(CCCN(CC)CC)C2)CC1,1,training set
CNCC[C@@H](Oc1ccccc1C)c1ccccc1,1,training set
CC(C)c1c(C(=O)Nc2ccccc2)c(c(-c2ccc(F)cc2)n1CCC(O)CC(O)CC(O)=O)-c1ccccc1,1,training set
CC(C)CC(=O)O[C@H]1[C@H](O[C@@H]2C[C@H]([C@H]3CC[C@@]45C[C@@H](CC[C@H]4[C@]3(C)C2)C(=C)[C@@H]5O)C(O)=O)O[C@H](CO)[C@@H](OS([O-])(=O)=O)[C@@H]1OS([O-])(=O)=O,1,training set
CC(C)c1cc(C(C)C)c(CC(=O)NS(=O)(=O)Oc2c(cccc2C(C)C)C(C)C)c(c1)C(C)C,1,training set
NC1=NC(=O)N(C=N1)[C@@H]1O[C@H](CO)[C@@H](O)[C@H]1O,1,training set
CN1CCC(CC1)=C1c2ccccc2CCc2cccnc12,1,training set
Cn1cnc(c1Sc1ncnc2nc[nH]c12)[N+]([O-])=O,1,training set
CCC1OC(=O)C(C)C(OC2CC(C)(OC)C(O)C(C)O2)C(C)C(OC2OC(C)CC(C2O)N(C)C)C(C)(O)CC(C)CN(C)C(C)C(O)C1(C)O,1,training set
CC1(C)SC2C(NC(=O)C(NC(=O)N3CCNC3=O)c3ccccc3)C(=O)N2C1C(O)=O,1,training set
C[C@H]1[C@H](NC(=O)C(=NOC(C)(C)C(O)=O)c2csc(N)n2)C(=O)N1S(O)(=O)=O,1,training set
NCC(CC(O)=O)c1ccc(Cl)cc1,1,training set
CC(N)Br,1,training set
Cn1c(CCCC(O)=O)nc2cc(ccc12)N(CCCl)CCCl,1,training set
CC(C(O)=O)c1ccc2oc(nc2c1)-c1ccc(Cl)cc1,1,training set
CC(C)COCC(CN(Cc1ccccc1)c1ccccc1)N1CCCC1,1,training set
CC(C=CC=C(C)C=CC1=C(C)CCCC1(C)C)=CC=CC=C(C)C=CC=C(C)C=CC1=C(C)CCCC1(C)C,1,training set
CC(C)(Oc1ccc(CCNC(=O)c2ccc(Cl)cc2)cc1)C(O)=O,1,training set
CC(O)(CS(=O)(=O)c1ccc(F)cc1)C(=O)Nc1ccc(C#N)c(c1)C(F)(F)F,1,training set
OC(=O)CCCC[C@@H]1SC[C@@H]2NC(=O)N[C@H]12,1,training set
CC(C)NCC(O)COc1ccc(COCCOC(C)C)cc1,1,training set
COc1ccccc1Oc1c(NS(=O)(=O)c2ccc(cc2)C(C)(C)C)nc(nc1OCCO)-c1ncccn1,1,training set
Nc1c(CC(O)=O)cccc1C(=O)c1ccc(Br)cc1,1,training set
CC(C)C(Br)C(=O)NC(N)=O,1,training set
Brc1ccccc1,1,training set
CCCC(=O)Nc1ncnc2n(cnc12)C1OC2COP(O)(=O)OC2C1OC(=O)CCC,1,training set
CCCC1OC2CC3C4CCC5=CC(=O)C=CC5(C)C4C(O)CC3(C)C2(O1)C(=O)CO,1,training set
CCCCNc1cc(cc(c1Oc1ccccc1)S(N)(=O)=O)C(O)=O,1,training set
COc1c(O)ccc2CC3N(CC4CC4)CCC4(CC5(CCC34CC5C(C)(O)C(C)(C)C)OC)c12,1,training set
CC(NC(C)(C)C)C(=O)c1cccc(Cl)c1,1,training set
O=C1CC2(CCCC2)CC(=O)N1CCCCN1CCN(CC1)c1ncccn1,1,training set
CS(=O)(=O)OCCCCOS(C)(=O)=O,1,training set
CC(C)CC1(CC=C)C(=O)NC(=O)NC1=O,1,training set
Oc1ccc(cc1S(O)(=O)=O)C1(OC(=O)c2c1c(Br)c(Br)c(Br)c2Br)c1ccc(O)c(c1)S(O)(=O)=O,1,training set
Cc1cc(c(O)c(c1)C(C)(C)C)C(C)(C)C,1,training set
CN1c2ncn(C)c2C(=O)N(C)C1=O,1,training set
C[C@H](CCCC(C)(C)O)[C@H]1CC[C@H]2\C(CCC[C@]12C)=C\C=C1\C[C@@H](O)CCC1=C,1,training set
CC(CCCC(C)(C)O)C1CCC2C(CCCC12C)=CC=C1CC(O)CC(O)C1=C,1,training set
CCC1(O)C(=O)OCC2=C1C=C1C3NC4CCCCC4CC3CN1C2=O,1,training set
CCOc1nc2cccc(C(=O)OC(C)OC(=O)OC3CCCCC3)c2n1Cc1ccc(cc1)-c1ccccc1-c1nn[nH]n1,1,training set
CCCCCc1cc(O)c(C2C=C(C)CCC2C(C)=C)c(O)c1,1,training set
NC(=O)N1c2ccccc2C=Cc2ccccc12,1,training set
COC(=O)Nc1nc2ccccc2[nH]1,1,training set
CC1(C)SC2C(NC(=O)C(C(O)=O)c3ccccc3)C(=O)N2C1C(O)=O,1,training set
CCOC(=O)N1C=CN(C)C1=S,1,training set
ClC(Cl)(Cl)Cl,1,training set
ClCCNC(=O)N(CCCl)N=O,1,training set
COc1ccccc1OCCNCC(O)COc1cccc2[nH]c3ccccc3c12,1,training set
OC1Cc2c(O)cc(O)cc2OC1c1ccc(O)c(O)c1,1,training set
C[C@H](CCC(O)=O)[C@H]1CC[C@H]2[C@@H]3[C@H](O)C[C@@H]4C[C@H](O)CC[C@]4(C)[C@H]3CC[C@]12C,1,training set
NC(C(=O)NC1C2SCC(Cl)=C(N2C1=O)C(O)=O)c1ccccc1,1,training set
CC1=C(N2[C@H](SC1)[C@H](NC(=O)[C@H](N)c1ccc(O)cc1)C2=O)C(O)=O,1,training set
Cn1nnnc1SCC1=C(N2[C@H](SC1)[C@H](NC(=O)[C@H](O)c1ccccc1)C2=O)C([O-])=O,1,training set
Cc1nnc(SCC2=C(N3C(SC2)C(NC(=O)Cn2cnnn2)C3=O)C(O)=O)s1,1,training set
Nc1nc(cs1)C(=NOCC(O)=O)C(=O)NC1C2SCC(C=C)=C(N2C1=O)C(O)=O,1,training set
CON=C(C(=O)NC1C2SCC(COC(C)=O)=C(N2C1=O)C(O)=O)c1csc(N)n1,1,training set
CO[C@]1(NC(=O)C2SC(S2)=C(C(N)=O)C(O)=O)[C@H]2SCC(CSc3nnnn3C)=C(N2C1=O)C(O)=O,1,training set
CN(C)CCn1nnnc1SCC1=C(N2[C@H](SC1)[C@H](NC(=O)Cc1csc(N)n1)C2=O)C(O)=O,1,training set
CO[C@]1(NC(=O)Cc2cccs2)[C@H]2SCC(COC(N)=O)=C(N2C1=O)C(O)=O,1,training set
CON=C(C(=O)NC1C2SCC(CSC3=NC(=O)C(=O)NN3C)=C(N2C1=O)C(O)=O)c1csc(N)n1,1,training set
CO\N=C(\C(=O)N[C@H]1[C@H]2SCC(CSC3=NC(=O)C(=O)NN3C)=C(N2C1=O)C([O-])=O)c1csc(N)n1,1,training set
CC(=O)OCC1=C(N2[C@H](SC1)[C@H](NC(=O)Cc1cccs1)C2=O)C([O-])=O,1,training set
OC(O)C(Cl)(Cl)Cl,1,training set
OC(=O)CCCc1ccc(cc1)N(CCCl)CCCl,1,training set
OC[C@@H](NC(=O)C(Cl)Cl)[C@H](O)c1ccc(cc1)[N+]([O-])=O,1,training set
CC(C)NC(=N)NC(=N)Nc1ccc(Cl)cc1,1,training set
Cc1ncsc1CCCl,1,training set
CN1C(c2ccc(Cl)cc2)S(=O)(=O)CCC1=O,1,training set
CN(C)CCC(c1ccc(Cl)cc1)c1ccccn1,1,training set
CN(C)CCCN1c2ccccc2Sc2ccc(Cl)cc12,1,training set
CCCNC(=O)NS(=O)(=O)c1ccc(Cl)cc1,1,training set
CN(C)[C@H]1[C@@H]2C[C@H]3C(=C(O)c4c(O)ccc(Cl)c4[C@@]3(C)O)C(=O)[C@]2(O)C(=O)\C(=C(\N)O)C1=O,1,training set
Oc1nc2cc(Cl)ccc2o1,1,training set
CC(C)(Oc1ccc(cc1)C(=O)c1ccc(Cl)cc1)C(=O)NCCS(O)(=O)=O,1,training set
NC1=NC(=O)N(CC(CO)OCP(O)(O)=O)C=C1,1,training set
CC1(COc2ccc(CC3SC(=O)NC3=O)cc2)CCCCC1,1,training set
CN=C(NCCSCc1nc[nH]c1C)NC#N,1,training set
CCN1N=C(C(O)=O)C(=O)c2cc3OCOc3cc12,1,training set
OC(=O)C1=CN(C2CC2)c2cc(N3CCNCC3)c(F)cc2C1=O,1,training set
COC1CN(CCCOc2ccc(F)cc2)CCC1NC(=O)c1cc(Cl)c(N)cc1OC,1,training set
Nc1nc(Cl)nc2n(cnc12)[C@H]1C[C@H](O)[C@@H](CO)O1,1,training set
CC[C@H]1OC(=O)[C@H](C)[C@@H](O[C@H]2C[C@@](C)(OC)[C@@H](O)[C@H](C)O2)C(C)[C@@H](O[C@@H]2O[C@H](C)C[C@@H]([C@H]2O)N(C)C)[C@@](C)(C[C@@H](C)C(=O)[C@H](C)[C@@H](O)[C@]1(C)O)OC,1,training set
OCC=C1OC2CC(=O)N2C1C(O)=O,1,training set
CCC[C@@H]1C[C@H](N(C)C1)C(=O)N[C@H]([C@H](C)Cl)[C@H]1O[C@H](SC)[C@H](O)[C@@H](O)[C@H]1O,1,training set
CN1c2ccc(Cl)cc2N(c2ccccc2)C(=O)CC1=O,1,training set
Nc1nc(Cl)nc2n(cnc12)C1OC(CO)C(O)C1F,1,training set
CC(C)N=C1C=C2N(c3ccc(Cl)cc3)c3ccccc3N=C2C=C1Nc1ccc(Cl)cc1,1,training set
CCOC(=O)C(C)(C)Oc1ccc(Cl)cc1,1,training set
CCN(CC)CCOc1ccc(cc1)C(=C(/Cl)c1ccccc1)\c1ccccc1,1,training set
CN(C)CCCN1c2ccccc2CCc2ccc(Cl)cc12,1,training set
Clc1cccc(Cl)c1NC1=NCCN1,1,training set
COC(=O)C(N1CCc2sccc2C1)c1ccccc1Cl,1,training set
CCc1cc2c(s1)N(C)C(=O)CN=C2c1ccccc1Cl,1,training set
Cc1onc(c1C(=O)N[C@H]1[C@H]2SC(C)(C)[C@@H](N2C1=O)C([O-])=O)-c1ccccc1Cl,1,training set
CN1CCN(CC1)C1=Nc2cc(Cl)ccc2Nc2ccccc12,1,training set
COC(=O)C1C2CCC(CC1OC(=O)c1ccccc1)N2C,1,training set
COc1ccc2CC3C4C=CC(O)C5Oc1c2C45CCN3C,1,training set
COc1cc(C=CC(=O)CC(=O)C=Cc2ccc(O)c(OC)c2)ccc1O,1,training set
CN1CCN(CC1)C(c1ccccc1)c1ccccc1,1,training set
ClCCN(CCCl)P1(=O)NCCCO1,1,training set
CN1CCC(CC1)=C1c2ccccc2C=Cc2ccccc12,1,training set
CC(=O)[C@@]1(O)CC[C@H]2[C@@H]3C=C(Cl)C4=CC(=O)[C@@H]5C[C@@H]5[C@]4(C)[C@H]3CC[C@]12C,1,training set
NC1=NC(=O)N(C=C1)C1OC(CO)C(O)C1O,1,training set
CN(C)N=Nc1[nH]cnc1C(N)=O,1,training set
C[C@]12CC[C@H]3[C@@H](CCC4=Cc5oncc5C[C@]34C)[C@@H]1CC[C@@]2(O)C#C,1,training set
[O-][N+](=O)c1ccc(cc1)-c1ccc(\C=N\N2CC(=O)NC2=O)o1,1,training set
Nc1ccc(cc1)S(=O)(=O)c1ccc(N)cc1,1,training set
COc1cccc2C(=O)c3c(O)c4CC(O)(CC(OC5CC(N)C(O)C(C)O5)c4c(O)c3C(=O)c12)C(C)=O,1,training set
NC1=NC(=O)N(C=N1)C1CC(O)C(CO)O1,1,training set
OC(=O)c1ccc(cc1)-n1nc(nc1-c1ccccc1O)-c1ccccc1O,1,training set
CC(=O)N(O)CCCCCNC(=O)CCC(=O)N(O)CCCCCNC(=O)CCC(=O)N(O)CCCCCN,1,training set
CN(CCCCCCCCCCN(C)C(=O)Oc1cccc(c1)[N+](C)(C)C)C(=O)Oc1cccc(c1)[N+](C)(C)C,1,training set
CN(C)[C@H]1[C@@H]2C[C@@H]3[C@H](O)c4c(Cl)ccc(O)c4C(O)=C3C(=O)[C@]2(O)C(=O)\C(=C(\N)O)C1=O,1,training set
FC(F)OC(F)C(F)(F)F,1,training set
CCC12CC(=C)C3C(CCC4=CCCCC34)C1CCC2(O)C#C,1,training set
C[C@@H]1C[C@H]2[C@@H]3CCC4=CC(=O)C=C[C@]4(C)[C@@]3(F)[C@@H](O)C[C@]2(C)[C@@]1(O)C(=O)CO,1,training set
COc1ccc2CC3C4CCCCC4(CCN3C)c2c1,1,training set
N[C@H]1C(O)O[C@H](CO)[C@H](O)[C@@H]1O,1,training set
CN1c2ccc(Cl)cc2C(=NCC1=O)c1ccccc1,1,training set
CC1=Nc2ccc(Cl)cc2S(O)(=O)=N1,1,training set
ClCCCl,1,training set
CN(C)C(=O)Nc1ccc(Cl)c(Cl)c1,1,training set
OC(=O)Cc1ccccc1Nc1c(Cl)cccc1Cl,1,training set
OC1=C(CC2=C(O)Oc3ccccc3C2=O)C(=O)c2ccccc2O1,1,training set
CCN(CC)C(=O)N1CCN(C)CC1,1,training set
CCCCC(CC)COC(=O)c1ccccc1C(=O)OCC(CC)CCCC,1,training set
OC(=O)c1cc(ccc1O)-c1ccc(F)cc1F,1,training set
CCCCC(F)F,1,training set
N=C1NNC(=N)c2ccccc12,1,training set
C[C@H](CCc1ccccc1)NC[C@H](O)c1ccc(O)c(c1)C(N)=O,1,training set
COc1ccc(cc1)C1Sc2ccccc2N(CCN(C)C)C(=O)C1OC(C)=O,1,training set
OCC(S)CS,1,training set
CN(C)N=O,1,training set
CCCCCOC(=O)c1ccccc1C(=O)OCCCCC,1,training set
OCCN(CCO)c1nc(N2CCCCC2)c2nc(nc(N3CCCCC3)c2n1)N(CCO)CCO,1,training set
CN(CS(O)(=O)=O)C1=C(C)N(C)N(C1=O)c1ccccc1,1,training set
C1C[n+]2ccccc2-c2cccc[n+]12,1,training set
CC(CC(C)=CC(C)C(O)C(C)C=CC(O)CC1OC(=O)C(C)C(O)C1C)C(O)C(C)C(OC(N)=O)C(C)C=CC=C,1,training set
CC(C)N(CCC(C(N)=O)(c1ccccc1)c1ccccn1)C(C)C,1,training set
CCN(CC)C(=S)SSC(=S)N(CC)CC,1,training set
CC(CCc1ccc(O)cc1)NCCc1ccc(O)c(O)c1,1,training set
CCC=CCC=CCC=CCC=CCC=CCC=CCCC(O)=O,1,training set
NCCc1ccc(O)c(O)c1,1,training set
CCN1CC(CCN2CCOCC2)C(C1=O)(c1ccccc1)c1ccccc1,1,training set
CN(C)CCC=C1c2ccccc2COc2ccccc12,1,training set
CC1OC(C(O)C1O)C1C=C(F)C(=O)NC1=O,1,training set
COc1cccc2C(=O)c3c(O)c4C[C@](O)(C[C@H](O[C@H]5C[C@H](N)[C@H](O)[C@H](C)O5)c4c(O)c3C(=O)c12)C(=O)CO,1,training set
C[C@@H]1[C@H]2[C@H](O)[C@H]3[C@H](N(C)C)C(=O)\C(=C(/N)O)C(=O)[C@@]3(O)C(=O)C2=C(O)c2c(O)cccc12,1,training set
CNCCC(Oc1cccc2ccccc12)c1cccs1,1,training set
CC(=O)C1CCC2C3C=CC4=CC(=O)CCC4(C)C3CCC12C,1,training set
COc1cc2c(CCNC22CSC3C4C5N(C)C(Cc6cc(C)c(OC)c(O)c56)C(O)N4C(COC2=O)c2c4OCOc4c(C)c(OC(C)=O)c32)cc1O,1,training set
CCC=CCC=CCC=CCC=CCC=CCCCC(O)=O,1,training set
CCOC(=O)C(CCc1ccccc1)NC(C)C(=O)N1CCCC1C(O)=O,1,training set
CC(NC(CCc1ccccc1)C(O)=O)C(=O)N1CCCC1C(O)=O,1,training set
FC(F)OC(F)(F)C(F)Cl,1,training set
CCN1C=C(C(O)=O)C(=O)c2cc(F)c(nc12)N1CCNCC1,1,training set
CC1(C)C(O)CCC2(C)C1CCC1(C)C2C(=O)C=C2C3CC(C)(CCC3(C)CCC12C)C(O)=O,1,training set
CCN(CC)C(=O)C(=C\c1cc(O)c(O)c(c1)[N+]([O-])=O)\C#N,1,training set
NC1=NC(=O)c2ncn(C3CC(O)C(CO)C3=C)c2N1,1,training set
CNC(C)C(O)c1ccccc1,1,training set
CNCC(O)c1ccc(O)c(O)c1,1,training set
CN1CC(C=C2C1Cc1c[nH]c3cccc2c13)C(=O)NC1(C)OC2(O)C3CCCN3C(=O)C(Cc3ccccc3)N2C1=O,1,training set
CCC1OC(=O)C(C)C(OC2CC(C)(OC)C(O)C(C)O2)C(C)C(OC2OC(C)CC(C2O)N(C)C)C(C)(O)CC(C)C(=O)C(C)C(O)C1(C)O,1,training set
CCC1OC(=O)C(C)C(OC2CC(C)(OC)C(O)C(C)O2)C(C)C(OC2OC(C)CC(C2OC(C)=O)N(C)C)C(C)(O)CC(C)C(=O)C(C)C(O)C1(C)O,1,training set
CCC1OC(=O)C(C)C(CC(OC2OC(C)CC(C2O)N(C)C)C(C)(O)CC(C)C(=O)C(C)CC1(C)O)OC1CC(C)(OC)C(O)C(C)O1,1,training set
CCC1OC(=O)C(C)C(OC2CC(C)(OC)C(O)C(C)O2)C(C)C(OC2OC(C)CC(C2OC(=O)CC)N(C)C)C(C)(O)CC(C)C(=O)C(C)C(O)C1(C)O,1,training set
COc1ccc2nc(nc2c1)S(=O)Cc1ncc(C)c(OC)c1C,1,training set
CC12CCC3C(CCc4cc(OC(=O)N(CCCl)CCCl)ccc34)C1CCC2O,1,training set
C[C@]12CC[C@H]3[C@@H](CCc4cc(O)ccc34)[C@@H]1CCC2=O,1,training set
CS(=O)(=O)OCCOS(C)(=O)=O,1,training set
CCO,1,training set
C[C@]12CC[C@H]3[C@@H](CCc4cc(O)ccc34)[C@@H]1CC[C@@]2(O)C#C,1,training set
CCc1cc(ccn1)C(N)=S,1,training set
CCSCC[C@H](N)C(O)=O,1,training set
CCC1(C)CC(=O)NC1=O,1,training set
OCCO,1,training set
CC(=O)O[C@H]1CC[C@@H]2[C@H]3CC[C@@]4(C)[C@@H](CC[C@@]4(OC(C)=O)C#C)[C@@H]3CCC2=C1,1,training set
CCc1cccc2c3CCOC(CC)(CC(O)=O)c3[nH]c12,1,training set
CCOC(=O)C1(CCCCCCOc2ccc(Cl)cc2)CO1,1,training set
COc1cc(cc(OC)c1O)[C@H]1[C@@H]2C(COC2=O)C(O[C@@H]2O[C@@H]3CO[C@@H](C)O[C@H]3[C@H](O)[C@H]2O)c2cc3OCOc3cc12,1,training set
CCOC(=O)C=C(C)C=CC=C(C)C=Cc1c(C)cc(OC)c(C)c1C,1,training set
OC(CCC1C(N(C1=O)c1ccc(F)cc1)c1ccc(O)cc1)c1ccc(F)cc1,1,training set
CC(=O)OCC(CCn1cnc2cnc(N)nc12)COC(C)=O,1,training set
O=S(=O)(N1CCCNCC1)c1cccc2cnccc12,1,training set
FC(F)(F)Oc1ccc(NN=C(C#N)C#N)cc1,1,training set
NC(=O)OCC(COC(N)=O)c1ccccc1,1,training set
CCOC(=O)C1=C(C)NC(C)=C(C1c1cccc(Cl)c1Cl)C(=O)OC,1,training set
CC(C)OC(=O)C(C)(C)Oc1ccc(cc1)C(=O)c1ccc(Cl)cc1,1,training set
CC(Cc1ccc(O)cc1)NCC(O)c1cc(O)cc(O)c1,1,training set
CC(C=CC1=C(C)CCCC1(C)C)=CC=CC(C)=CC(=O)Nc1ccc(O)cc1,1,training set
CCC(=O)N(C1CCN(CCc2ccccc2)CC1)c1ccccc1,1,training set
Clc1ccc(OCC(=O)N2CCN(Cc3ccc4OCOc4c3)CC2)cc1,1,training set
FC(F)(F)COc1ccc(OCC(F)(F)F)c(c1)C(=O)NCC1CCCCN1,1,training set
OC[C@H]1O[C@H](C[C@@H]1O)N1C=C(F)C(=O)NC1=O,1,training set
Cc1onc(c1C(=O)NC1C2SC(C)(C)C(N2C1=O)C(O)=O)-c1c(F)cccc1Cl,1,training set
OC1=NC=C(F)C(=N)N1,1,training set
Nc1nc(F)nc2n(cnc12)C1OC(COP(O)(O)=O)C(O)C1O,1,training set
CCOC(=O)c1ncn-2c1CN(C)C(=O)c1cc(F)ccc-21,1,training set
FC1=CNC(=O)NC1=O,1,training set
CC(C(O)=O)c1ccc(c(F)c1)-c1ccccc1,1,training set
Fc1ccc(cc1)C(CCCN1CCC2(CC1)N(CNC2=O)c1ccccc1)c1ccc(F)cc1,1,training set
CC(C)C(=O)Nc1ccc(c(c1)C(F)(F)F)[N+]([O-])=O,1,training set
CC(C)n1c(\C=C\[C@H](O)C[C@H](O)CC([O-])=O)c(-c2ccc(F)cc2)c2ccccc12,1,training set
COCCCC\C(=N/OCCN)c1ccc(cc1)C(F)(F)F,1,training set
Cc1cn[nH]c1,1,training set
OC(=O)P(O)(O)=O,1,training set
CCC(=O)OC(OP(=O)(CCCCc1ccccc1)CC(=O)N1CC(CC1C(O)=O)C1CCCCC1)C(C)C,1,training set
OCC1OC(O)(CO)C(O)C1O,1,training set
OC1C(O)C(O)(COP(O)(O)=O)OC1COP(O)(O)=O,1,training set
CCCCCCCCc1ccc(CCC(N)(CO)CO)cc1,1,training set
[O-][N+](=O)c1ccc(\C=N\N2CCOC2=O)o1,1,training set
NS(=O)(=O)c1cc(C(O)=O)c(NCc2ccco2)cc1Cl,1,training set
OC(=O)CN(CCN(CC(O)=O)CC(O)=O)CCN(CC(O)=O)C(COCc1ccccc1)C(O)=O,1,training set
NC1=NC(=O)c2ncn(COC(CO)CO)c2N1,1,training set
COc1c(N2CCNC(C)C2)c(F)cc2C(=O)C(=CN(C3CC3)c12)C(O)=O,1,training set
COc1cc2ncnc(Nc3ccc(F)c(Cl)c3)c2cc1OCCCN1CCOCC1,1,training set
Cc1ccc(C)c(OCCCC(C)(C)C(O)=O)c1,1,training set
CC1(C)CC(=O)N(CCCCN2CCN(CC2)c2ncccn2)C(=O)C1,1,training set
CCC12CCC3C(CCC4=CC(=O)CCC34)C1C=CC2(O)C#C,1,training set
Cc1ccc(cc1)S(=O)(=O)NC(=O)NN1CC2CCCC2C1,1,training set
OCC1OC(O)C(O)C(O)C1O,1,training set
NC(CCC(N)=O)C(O)=O,1,training set
CCC1(CCC(=O)NC1=O)c1ccccc1,1,training set
OCC(O)CO,1,training set
CC(C)c1c(O)c(O)c(C=O)c2c(O)c(c(C)cc12)-c1c(C)cc2c(C(C)C)c(O)c(O)c(C=O)c2c1O,1,training set
CC1CN(CCN1)c1cc2N(C=C(C(O)=O)C(=O)c2c(C)c1F)C1CC1,1,training set
COC1=CC(=O)C[C@@H](C)[C@]11Oc2c(C1=O)c(OC)cc(OC)c2Cl,1,training set
NC(N)=N,1,training set
OC1CCCNC1CC(=O)CN1C=Nc2cc(Br)c(Cl)cc2C1=O,1,training set
OC1(CCN(CCCC(=O)c2ccc(F)cc2)CC1)c1ccc(Cl)cc1,1,training set
FC(F)(F)C(Cl)Br,1,training set
CC(=O)NC1C(O)OC(CO)C(O)C1OC1OC(C(OC2OC(CO)C(O)C(OC3OC(C(O)C(O)C3O)C(O)=O)C2NC(C)=O)C(O)C1O)C(O)=O,1,training set
CCN(CC)CCNc1ccc(CO)c2Sc3ccccc3C(=O)c12,1,training set
NNc1nncc2ccccc12,1,training set
Oc1ccc(O)cc1,1,training set
NC(=O)NO,1,training set
OCCOCCN1CCN(CC1)C(c1ccccc1)c1ccc(Cl)cc1,1,training set
CN1[C@H]2CC[C@@H]1C[C@@H](C2)OC(=O)[C@H](CO)c1ccccc1,1,training set
CC(C)Cc1ccc(CC(O)=O)cc1,1,training set
OC[C@H]1O[C@H](C[C@@H]1O)N1C=C(I)C(=O)NC1=O,1,training set
ClCCNP1(=O)OCCCN1CCCl,1,training set
CCC12CC(=C)C3C(CCC4=CC(=O)CCC34)C1CCC2(O)C#C,1,training set
CC1(Cc2cc(OCC(O)=O)c(Cl)c(Cl)c2C1=O)c1ccccc1,1,training set
CC(C)(C)NC(=O)C1CN(Cc2cccnc2)CCN1CC(O)CC(Cc1ccccc1)C(=O)NC1C(O)Cc2ccccc12,1,training set
COc1ccc2n(C(=O)c3ccc(Cl)cc3)c(C)c(CC(O)=O)c2c1,1,training set
OC1C(O)C(O)C(O)C(O)C1O,1,training set
CN(C)CCCNc1ncc(C)c2[nH]c3ccc4cc(O)ccc4c3c12,1,training set
CC(O)C(=O)Nc1c(I)c(C(=O)NC(CO)CO)c(I)c(C(=O)NC(CO)CO)c1I,1,training set
CC(C)NNC(=O)c1ccncc1,1,training set
CCCCC1=NC2(CCCC2)C(=O)N1Cc1ccc(cc1)-c1ccccc1-c1nn[nH]n1,1,training set
CCc1c2CN3C(=CC4=C(COC(=O)C4(O)CC)C3=O)c2nc2ccc(OC(=O)N3CCC(CC3)N3CCCCC3)cc12,1,training set
CC(C)Nc1ncccn1,1,training set
O[C@H]1CO[C@@H]2[C@@H](CO[C@H]12)O[N+]([O-])=O,1,training set
C\C(\C=C\C1=C(C)CCCC1(C)C)=C/C=C/C(/C)=C\C(O)=O,1,training set
COC(=O)C1=C(C)NC(C)=C(C1c1cccc2nonc12)C(=O)OC(C)C,1,training set
CCC(C)N1N=CN(C1=O)c1ccc(cc1)N1CCN(CC1)c1ccc(OCC2COC(Cn3cncn3)(O2)c2ccc(Cl)cc2Cl)cc1,1,training set
CC1CCCC2(C)OC2CC(NC(=O)CC(O)C(C)(C)C(=O)C(C)C1O)C(C)=Cc1csc(C)n1,1,training set
Fc1ccc(cc1)C(=O)C1CCN(CCN2C(=O)Nc3ccccc3C2=O)CC1,1,training set
OC(=O)[C@@H]1CCn2c1ccc2C(=O)c1ccccc1,1,training set
NC(Cc1ccc(O)c(O)c1)C(O)=O,1,training set
CC(O)C(O)=O,1,training set
OCC1OC(O)(CO)C(O)C1OC1OC(CO)C(O)C(O)C1O,1,training set
CS(=O)(=O)CCNCc1ccc(o1)-c1ccc2ncnc(Nc3ccc(OCc4cccc(F)c4)c(Cl)c3)c2c1,1,training set
C[N+](C)(C)CCOP(O)(=O)OCC(COC=O)OC=O,1,training set
Cc1oncc1C(=O)Nc1ccc(cc1)C(F)(F)F,1,training set
NC1=NC(=O)C2=C(NCC(CNc3ccc(cc3)C(=O)NC(CCC(O)=O)C(O)=O)N2C=O)N1,1,training set
C1CN2CC(N=C2S1)c1ccccc1,1,training set
CC1COc2c(N3CCN(C)CC3)c(F)cc3C(=O)C(=CN1c23)C(O)=O,1,training set
CCC12CCC3C(CCC4=CC(=O)CCC34)C1CCC2(O)C#C,1,training set
CCN(CC)CC(=O)Nc1c(C)cccc1C,1,training set
NCCCCC(NC(CCc1ccccc1)C(O)=O)C(=O)N1CCCC1C(O)=O,1,training set
C[C@H](CCC(O)=O)[C@H]1CC[C@H]2[C@@H]3CC[C@@H]4C[C@H](O)CC[C@]4(C)[C@H]3CC[C@]12C,1,training set
CN(CCCN1c2ccccc2CCc2ccccc12)CC(=O)c1ccc(Cl)cc1,1,training set
CCN1C=C(C(O)=O)C(=O)c2cc(F)c(N3CCNC(C)C3)c(F)c12,1,training set
ClCCN(N=O)C(=O)NC1CCCCC1,1,training set
CN1C(C(=O)Nc2ccccn2)=C(O)c2sc(Cl)cc2S1(=O)=O,1,training set
CCCCc1nc(Cl)c(CO)n1Cc1ccc(cc1)-c1ccccc1-c1nn[nH]n1,1,training set
CC[C@H](C)C(=O)O[C@H]1C[C@@H](C)C=C2C=C[C@H](C)[C@H](CC[C@@H]3C[C@@H](O)CC(=O)O3)[C@@H]12,1,training set
CN1CCN(CC1)C1=Nc2ccccc2Oc2ccc(Cl)cc12,1,training set
Cc1ccc(Nc2c(F)cccc2Cl)c(CC(O)=O)c1,1,training set
CC(C)OC(=O)C(C(=O)OC(C)C)=C1SC=CS1,1,training set
Cc1ncc(COP(O)(O)=O)c(CN(CCN(CC(O)=O)Cc2c(COP(O)(O)=O)cnc(C)c2O)CC(O)=O)c1O,1,training set
OC[C@@H](O)[C@@H](O)[C@H](O)[C@H](O)CO,1,training set
COC(=O)Nc1nc2ccc(cc2[nH]1)C(=O)c1ccccc1,1,training set
Cc1ccc(Cl)c(Nc2ccccc2C(O)=O)c1Cl,1,training set
CC(C1CNCN1)C1CCCC(C)C1C,1,training set
OC(C1CCCCN1)c1cc(nc2c(cccc12)C(F)(F)F)C(F)(F)F,1,training set
CN1C(\C(O)=N\C2=NC=C(C)S2)=C(O)C2=CC=CC=C2S1(=O)=O,1,training set
NC(Cc1ccc(cc1)N(CCCl)CCCl)C(O)=O,1,training set
CC1=CC(=O)c2ccccc2C1=O,1,training set
CCC1(C(=O)NC(=O)N(C)C1=O)c1ccccc1,1,training set
C[C@@H](O)[C@@H]1[C@H]2[C@@H](C)C(S[C@@H]3CN[C@@H](C3)C(=O)N(C)C)=C(N2C1=O)C(O)=O,1,training set
CN1CCCCC1CCN1c2ccccc2Sc2ccc(cc12)S(C)=O,1,training set
COc1ccc2[C@H]3CC[C@@]4(C)[C@@H](CC[C@@]4(O)C#C)[C@@H]3CCc2c1,1,training set
CC(C)NCC(O)c1cc(O)cc(O)c1,1,training set
CN(C)C(=N)N=C(N)N,1,training set
CN(C)[C@H]1[C@@H]2[C@@H](O)[C@@H]3C(=C)c4cccc(O)c4C(O)=C3C(=O)[C@]2(O)C(=O)\C(=C(\N)O)C1=O,1,training set
CCC(=O)C(CC(C)N(C)C)(c1ccccc1)c1ccccc1,1,training set
CNC(C)Cc1ccccc1,1,training set
CN(C)CCN(Cc1cccs1)c1ccccn1,1,training set
COc1cccc(OC)c1C(=O)N[C@H]1C2SC(C)(C)C(N2C1=O)C([O-])=O,1,training set
CSCCC(N)C(O)=O,1,training set
CN(Cc1cnc2nc(N)nc(N)c2n1)c1ccc(cc1)C(=O)N[C@@H](CCC(O)=O)C(O)=O,1,training set
COc1c2OC(=O)C=Cc2cc2ccoc12,1,training set
COCC(O)=O,1,training set
COC(F)(F)C(Cl)Cl,1,training set
COC(=O)C(C1CCCCN1)c1ccccc1,1,training set
CC1CC2C3CCC(O)(C(=O)CO)C3(C)CC(O)C2C2(C)C=CC(=O)C=C12,1,training set
CC1(O)CCC2C3CCC4=CC(=O)CCC4(C)C3CCC12C,1,training set
CCN(CC)CCNC(=O)c1cc(Cl)c(N)cc1OC,1,training set
CC1Nc2cc(Cl)c(cc2C(=O)N1c1ccccc1C)S(N)(=O)=O,1,training set
Cc1ncc(n1CCO)[N+]([O-])=O,1,training set
CC(C)(C(=O)c1cccnc1)c1cccnc1,1,training set
CC1(C)S[C@@H]2[C@H](NC(=O)[C@H](NC(=O)N3CCN(C3=O)S(C)(=O)=O)c3ccccc3)C(=O)N2[C@H]1C(O)=O,1,training set
CN1CCN2C(C1)c1ccccc1Cc1ccccc21,1,training set
Clc1ccc(COC(Cn2ccnc2)c2ccc(Cl)cc2Cl)c(Cl)c1,1,training set
CCCCCCCCCCCCCCCCOP(O)(=O)OCC[N+](C)(C)C,1,training set
CN(C)[C@H]1[C@@H]2C[C@@H]3Cc4c(ccc(O)c4C(=O)C3=C(O)[C@]2(O)C(=O)C(C(N)=O)=C1O)N(C)C,1,training set
Nc1cc(nc(N)n1=O)N1CCCCC1,1,training set
CN1CCN2C(C1)c1ccccc1Cc1cccnc21,1,training set
COC12C3NC3CN1C1=C(C2COC(N)=O)C(=O)C(N)=C(C)C1=O,1,training set
ClC(Cl)C(c1ccc(Cl)cc1)c1ccccc1Cl,1,training set
CN(C1CCN(CC1)c1nc2ccccc2n1Cc1ccc(F)cc1)C1=NC=CC(=O)N1,1,training set
NC(=O)CS(=O)C(c1ccccc1)c1ccccc1,1,training set
CCc1c(C)[nH]c2CCC(CN3CCOCC3)C(=O)c12,1,training set
CCOC(=O)Nc1c[n+](no1)N1CCOCC1,1,training set
C[C@H]1C(=O)O[C@@H]2CCn3ccc(COC(=O)[C@](C)(O)[C@]1(C)O)c23,1,training set
CC(C)(O)c1ccccc1CC[C@@H](SCC1(CC(O)=O)CC1)c1cccc(\C=C\c2ccc3ccc(Cl)cc3n2)c1,1,training set
O=C(NCN1CCOCC1)c1cnccn1,1,training set
CN1CCC23C4Oc5c2c(CC1C3C=CC4O)ccc5O,1,training set
COC1(NC(=O)C(C(O)=O)c2ccc(O)cc2)C2OCC(CSc3nnnn3C)=C(N2C1=O)C(O)=O,1,training set
COc1c(N2CC3CCCNC3C2)c(F)cc2C(=O)C(=CN(C3CC3)c12)C(O)=O,1,training set
CC(C)c1cc(OC(C)=O)c(C)cc1OCCN(C)C,1,training set
CC(N1N=C(N)CC1=O)c1ccc(Cl)c(Cl)c1,1,training set
CC(C)(C)NCC(O)COc1cccc2C[C@@H](O)[C@@H](O)Cc12,1,training set
CCN1C=C(C(O)=O)C(=O)c2ccc(C)nc12,1,training set
Oc1ccc2C[C@H]3N(CC4CC4)CC[C@@]45[C@@H](Oc1c24)C(=O)CC[C@@]35O,1,training set
COc1ccc2cc(ccc2c1)C(C)C(O)=O,1,training set
CCC1=NN(CCCN2CCN(CC2)c2cccc(Cl)c2)C(=O)N1CCOc1ccccc1,1,training set
Cc1c(O)cccc1C(=O)NC(CSc1ccccc1)C(O)CN1CC2CCCCC2CC1C(=O)NC(C)(C)C,1,training set
Cc1ccnc2N(C3CC3)c3ncccc3C(=O)Nc12,1,training set
COC(=O)C1=C(C)NC(C)=C(C1c1cccc(c1)[N+]([O-])=O)C(=O)OCCN(C)Cc1ccccc1,1,training set
NC(=O)c1cccnc1,1,training set
CN1CCCC1c1cccnc1,1,training set
COC(=O)C1=C(C)NC(C)=C(C1c1ccccc1N(=O)=O)C(=O)OC,1,training set
OCN1C(=O)CN(CCc2ccc(o2)[N+]([O-])=O)C1=O,1,training set
CC1(C)NC(=O)N(C1=O)c1ccc(c(c1)C(F)(F)F)[N+]([O-])=O,1,training set
CS(=O)(=O)Nc1ccc(cc1Oc1ccccc1)[N+]([O-])=O,1,training set
COC(=O)C1=C(C)NC(C)=C(C1c1ccccc1[N+]([O-])=O)C(=O)OCC(C)C,1,training set
[O-][N+](=O)c1ccc(\C=N\N2CC(=O)NC2=O)o1,1,training set
[O-][N+](=O)OCC(CO[N+]([O-])=O)O[N+]([O-])=O,1,training set
CNC(NCCSCc1csc(CN(C)C)n1)=C[N+]([O-])=O,1,training set
CNCC(O)C(O)C(O)C(O)CO,1,training set
NCC(O)c1ccc(O)c(O)c1,1,training set
CCN1C=C(C(O)=O)C(=O)c2cc(F)c(cc12)N1CCNCC1,1,training set
CC[C@]12CC[C@H]3[C@@H](CCC4=CC(=O)CC[C@H]34)[C@@H]1CC[C@@]2(O)C#C,1,training set
CO[C@@H]1[C@@H](OC(N)=O)[C@@H](O)[C@H](Oc2ccc3C(O)=C(NC(=O)c4ccc(O)c(CC=C(C)C)c4)C(=O)Oc3c2C)OC1(C)C,1,training set
CCCCC(CC)COC(=O)\C=C\c1ccc(OC)cc1,1,training set
CN1CCN(CC1)C1=Nc2ccccc2Nc2sc(C)cc12,1,training set
COc1ccc2[nH]c(nc2c1)S(=O)Cc1ncc(C)c(OC)c1C,1,training set
Cc1nccn1CC1CCc2c(C1=O)c1ccccc1n2C,1,training set
CCCCCCCCCCCC(CC1OC(=O)C1CCCCCC)OC(=O)C(CC(C)C)NC=O,1,training set
CC1=C(CC(=O)NCc2ccccc2)c2cc(F)ccc2C1=Cc1ccncc1,1,training set
NC1CCCCC1N,1,training set
OC(=O)CCc1nc(c(o1)-c1ccccc1)-c1ccccc1,1,training set
OC1N=C(c2ccccc2)c2cc(Cl)ccc2NC1=O,1,training set
CCCOc1ccc2nc(NC(=O)OC)[nH]c2c1,1,training set
CC1(O)CCC2C3CCC4CC(=O)C(CC4(C)C3CCC12C)=CO,1,training set
CN1CCC23C4Oc5c2c(CC1C3(O)CCC4=O)ccc5O,1,training set
CC(=O)Oc1ccc(cc1)C1(C(=O)Nc2ccccc12)c1ccc(OC(C)=O)cc1,1,training set
Oc1cccc2ccc[nH+]c12,1,training set
NCCC(O)(P(O)(O)=O)P(O)(O)=O,1,training set
COC1CCNC(CS(=O)C2[N]C3CCC(CC3N2)OC(F)F)C1OC,1,training set
C[n+]1ccc(cc1)-c1cc[n+](C)cc1,1,training set
Oc1ccc(Br)cc1,1,training set
NC1=NC(=O)C(O1)c1ccccc1,1,training set
NC1=NC(=O)c2ncn(CCC(CO)CO)c2N1,1,training set
CC(C)(S)C(N)C(O)=O,1,training set
CCCC(C)C1(CC)C(=O)NC(=O)NC1=O,1,training set
CN1c2ncn(C)c2C(=O)N(CCCCC(C)=O)C1=O,1,training set
FC(F)(F)C(F)(F)C(F)(F)C(F)(F)C(F)(F)C(F)(F)C(F)(F)C(F)(F)Br,1,training set
C(C(C1CCCCC1)C1CCCCC1)C1CCCCN1,1,training set
CCCC(NC(C)C(=O)N1C2CCCCC2CC1C(O)=O)C(=O)OCC,1,training set
Nc1ccc(N=Nc2ccccc2)c(N)n1,1,training set
NNCCc1ccccc1,1,training set
CCC1(C(=O)NC(=O)NC1=O)c1ccccc1,1,training set
N1c2ccccc2Sc2ccccc12,1,training set
Cc1ccc(cc1)N(CC1=NCCN1)c1cccc(O)c1,1,training set
CCCCC1C(=O)N(N(C1=O)c1ccccc1)c1ccccc1,1,training set
CNCC(O)c1cccc(O)c1,1,training set
S=C=Nc1ccccc1,1,training set
OC(CNc1ccccn1)c1ccccc1,1,training set
O=C1NC(=O)C(N1)(c1ccccc1)c1ccccc1,1,training set
OS(=O)(=O)Oc1ccc(cc1)C(c1ccc(OS(O)(=O)=O)cc1)c1ccccn1,1,training set
Fc1ccc(cc1)C(CCCN1CCC(CC1)N1C(=O)Nc2ccccc12)c1ccc(F)cc1,1,training set
CCN1C=C(C(O)=O)C(=O)c2cnc(nc12)N1CCNCC1,1,training set
COC1CCC(OC)C(CC2C[N]C3NC(N)[N]C(N)C3C2C)C1,1,training set
CN1C(C(=O)Nc2ccccn2)=C(O)c2ccccc2S1(=O)=O,1,training set
CC(C(O)=O)c1ccc(N2CC=CC2)c(Cl)c1,1,training set
OC(CC(O)C=Cc1c(nc2ccccc2c1-c1ccc(F)cc1)C1CC1)CC(O)=O,1,training set
CN1CCC(CC1)=C1c2ccsc2CCc2ccccc12,1,training set
OCCOCCOCCOCCOCCOCCOCCOCCOCCO,1,training set
CC1(C)SC2C(NC(=O)Cc3ccccc3)C(=O)N2C1C([O-])=O,1,training set
CC12CCC3C(CC=C4CC(O)CCC34C)C1CCC2=O,1,training set
CCC(C)C(=O)OC1CC(O)C=C2C=CC(C)C(CCC(O)CC(O)CC(O)=O)C12,1,training set
COc1cc2nc(nc(N)c2cc1OC)N1CCN(CC1)C(=O)c1ccco1,1,training set
CC12CC(O)C3C(CCC4=CC(=O)C=CC34C)C1CCC2(O)C(=O)CO,1,training set
CCC1(C(=O)NCNC1=O)c1ccccc1,1,training set
CCCN(CCC)S(=O)(=O)c1ccc(cc1)C(O)=O,1,training set
CCN(CC)CCNC(=O)c1ccc(N)cc1,1,training set
CC(=O)[C@H]1CC[C@H]2[C@@H]3CCC4=CC(=O)CC[C@]4(C)[C@H]3CC[C@]12C,1,training set
CC(C)c1cccc(C(C)C)c1O,1,training set
CCC(=O)OC(Cc1ccccc1)(C(C)CN(C)C)c1ccccc1,1,training set
CC(C)NCC(O)COc1cccc2ccccc12,1,training set
CCCC1=CC(=O)NC(=S)N1,1,training set
CCCCCC(O)C=CC1C(O)CC(=O)C1CC=CCCCC(O)=O,1,training set
CCCCCC(O)C=CC1C(O)CC(O)C1CC=CCCCC(O)=O,1,training set
CCCc1cc(ccn1)C(N)=S,1,training set
NC(=O)c1cnccn1,1,training set
CNC(=O)OCc1cccc(COC(=O)NC)n1,1,training set
CCN(CC)CCCC(C)NC1C2CCC(Cl)CC2NC2CCC(CC12)OC,1,training set
CCOC(=O)[C@H](CCc1ccccc1)N[C@@H](C)C(=O)N1Cc2ccccc2C[C@H]1C(O)=O,1,training set
COc1ccc2nccc([C@H](O)[C@H]3C[C@@H]4CCN3C[C@@H]4C=C)c2c1,1,training set
COc1ccc2nccc([C@@H](O)[C@@H]3CC4CCN3C[C@@H]4C=C)c2c1,1,training set
CN(Cc1ccc2NC(C)=NC(=O)c2c1)c1ccc(s1)C(=O)NC(CCC(O)=O)C(O)=O,1,training set
CCOC(=O)C(CCc1ccccc1)NC(C)C(=O)N1C2CCCC2CC1C(O)=O,1,training set
C\C(\C=C\C1=C(C)CCCC1(C)C)=C/C=C/C(/C)=C/C(O)=O,1,training set
CCCCCCCCCCCCCCCC(=O)OC\C=C(/C)\C=C\C=C(/C)\C=C\C1=C(C)CCCC1(C)C,1,training set
NC(=O)c1ncn(n1)[C@@H]1O[C@H](CO)[C@@H](O)[C@H]1O,1,training set
Cc1cc2N=C3C(=O)NC(=O)N=C3N(CC(O)C(O)C(O)CO)c2cc1C,1,training set
Nc1nc2ccc(OC(F)(F)F)cc2s1,1,training set
CC1=C(CCN2CCC(CC2)c2noc3cc(F)ccc23)C(=O)N2CCCCC2=N1,1,training set
CC(C)[C@H](NC(=O)N(C)Cc1csc(n1)C(C)C)C(=O)N[C@H](C[C@H](O)[C@H](Cc1ccccc1)NC(=O)OCc1cncs1)Cc1ccccc1,1,training set
CS(=O)(=O)c1ccc(cc1)C1=C(C(=O)OC1)c1ccccc1,1,training set
COc1cc2OC[C@H]3Oc4c5C[C@@H](Oc5ccc4C(=O)[C@H]3c2cc1OC)C(C)=C,1,training set
CCC1(O)C(=O)OCC2=C1C=C1N(Cc3cc4c(cccc4nc13)N(=O)=O)C2=O,1,training set
NC(=O)c1ccccc1O,1,training set
CC(C)(C)NC(=O)[C@@H]1C[C@@H]2CCCC[C@@H]2CN1C[C@@H](O)[C@H](CC1=CC=CC=C1)NC(=O)[C@H](CC(N)=O)NC(=O)C1=NC2=CC=CC=C2C=C1,1,training set
CC(Cc1ccccc1)N(C)CC#C,1,training set
CN[C@H]1CC[C@@H](c2ccc(Cl)c(Cl)c2)c2ccccc12,1,training set
FCOC(C(F)(F)F)C(F)(F)F,1,training set
CC(C)CC(N(C)C)C1(CCC1)c1ccc(Cl)cc1,1,training set
COc1cc(ccc1O)C1Oc2cc(ccc2OC1CO)C1Oc2cc(O)cc(O)c2C(=O)C1O,1,training set
CCC(C)(C)C(=O)O[C@H]1C[C@@H](C)C=C2C=C[C@H](C)[C@H](CC[C@@H]3C[C@@H](O)CC(=O)O3)[C@@H]12,1,training set
Cc1noc(NS(=O)(=O)c2ccsc2C(=O)Cc2cc3OCOc3cc2C)c1Cl,1,training set
OC(=O)CCCc1ccccc1,1,training set
CC1CN(CC(C)N1)c1c(F)c(N)c2C(=O)C(=CN(C3CC3)c2c1F)C(O)=O,1,training set
CC(=O)S[C@@H]1CC2=CC(=O)CC[C@]2(C)[C@H]2CC[C@@]3(C)[C@@H](CC[C@@]33CCC(=O)O3)[C@H]12,1,training set
CC1=CN([C@@H]2O[C@H](CO)C=C2)C(=O)NC1=O,1,training set
CNC1C(O)C(O)C(CO)OC1OC1C(OC2C(O)C(O)C(NC(N)=N)C(O)C2NC(N)=N)OC(C)C1(O)C=O,1,training set
ONC(=O)CCCCCCC(=O)Nc1ccccc1,1,training set
CN1C(C(=O)Nc2nccs2)=C(O)c2ccccc2S1(=O)=O,1,training set
CC1(C)C(N2C(CC2=O)S1(=O)=O)C(O)=O,1,training set
Nc1ccc(cc1)S(=O)(=O)Nc1ncccn1,1,training set
COc1cc(NS(=O)(=O)c2ccc(N)cc2)nc(OC)n1,1,training set
COc1cnc(NS(=O)(=O)c2ccc(N)cc2)nc1,1,training set
Cc1cc(C)nc(NS(=O)(=O)c2ccc(N)cc2)n1,1,training set
Cc1nnc(NS(=O)(=O)c2ccc(N)cc2)s1,1,training set
Cc1cc(NS(=O)(=O)c2ccc(N)cc2)no1,1,training set
Nc1ccc(cc1)S(N)(=O)=O,1,training set
Nc1ccc(cc1)S(=O)(=O)Nc1ccnn1-c1ccccc1,1,training set
O=C1C(CCS(=O)c2ccccc2)C(=O)N(N1c1ccccc1)c1ccccc1,1,training set
CC1=C(CC(O)=O)c2cc(F)ccc2\C1=C/c1ccc(cc1)S(C)=O,1,training set
CC1=C(CC(O)=O)c2cc(F)ccc2C1=Cc1ccc(cc1)S(C)(=O)=O,1,training set
CCCCCCCCNC(C)C(O)c1ccc(SC(C)C)cc1,1,training set
CCN1CCCC1CNC(=O)c1cc(ccc1OC)S(N)(=O)=O,1,training set
Nc1c2CCCCc2nc2ccccc12,1,training set
CC\C(=C(/c1ccccc1)c1ccc(OCCN(C)C)cc1)c1ccccc1,1,training set
Cc1nc(C)c2CCC(=O)N(Cc3ccc(cc3)-c3ccccc3-c3nn[nH]n3)c2n1,1,training set
FC1=CN(C2CCCO2)C(=O)NC1=O,1,training set
CCCc1nc2c(C)cc(cc2n1Cc1ccc(cc1)-c1ccccc1C(O)=O)-c1nc2ccccc2n1C,1,training set
CC1CN(CCN1)c1cc2N(C=C(C(O)=O)C(=O)c2cc1F)c1ccc(F)cc1F,1,training set
CN1N=Nc2c(ncn2C1=O)C(N)=O,1,training set
CC(Cn1cnc2c(N)ncnc12)OCP(O)(O)=O,1,training set
CN(C\C=C\C#CC(C)(C)C)CC1=CC=CC2=CC=CC=C12,1,training set
CC(C)(C)c1ccc(cc1)C(O)CCCN1CCC(CC1)C(O)(c1ccccc1)c1ccccc1,1,training set
CC12CCC3C(CCC4=CC(=O)CCC34C)C1CCC2O,1,training set
COc1cc2CCN3CC(CC(C)C)C(=O)CC3c2cc1OC,1,training set
ClC(Cl)=C(Cl)Cl,1,training set
CN(C)[C@H]1[C@@H]2C[C@H]3C(=C(O)c4c(O)cccc4C3(C)O)C(=O)[C@]2(O)C(=O)\C(=C(\N)O)C1=O,1,training set
COc1ccc2CC3N(C)CCc4cc(OC)c(OC)c(Oc5cc6C(Cc7ccc(Oc1c2)cc7)N(C)CCc6cc5OC)c34,1,training set
O=C1N(C2CCC(=O)NC2=O)C(=O)c2ccccc12,1,training set
Cc1c(CCO)sc[n+]1Cc1cnc(C)nc1N,1,training set
CS(=O)(=O)c1ccc(cc1)C(O)C(CO)NC(=O)C(Cl)Cl,1,training set
CC(N)=S,1,training set
Nc1nc(S)c2[nH]cnc2n1,1,training set
CN1c2ccccc2C(NCCCCCCC(O)=O)c2ccc(Cl)cc2S1(=O)=O,1,training set
Clc1ccccc1CN1CCc2sccc2C1,1,training set
OC(=O)COc1ccc(C(=O)c2cccs2)c(Cl)c1Cl,1,training set
CC(S)C(=O)NCC(O)=O,1,training set
Clc1ccc2nsnc2c1NC1=NCCN1,1,training set
NC[C@H]1O[C@H](O[C@@H]2[C@@H](N)C[C@@H](N)[C@H](O[C@H]3O[C@H](CO)[C@@H](O)[C@H](N)[C@H]3O)[C@H]2O)[C@H](N)C[C@@H]1O,1,training set
Cc1ccc(cc1)S(=O)(=O)NC(=O)NN1CCCCCC1,1,training set
Cc1ccc(cc1)C(=O)c1ccc(CC(O)=O)n1C,1,training set
CC(CN1CCCCC1)C(=O)c1ccc(C)cc1,1,training set
CC(C)N(CCC(c1ccccc1)c1cc(C)ccc1O)C(C)C,1,training set
CC1(C)O[C@@H]2CO[C@@]3(COS(N)(=O)=O)OC(C)(C)O[C@H]3[C@@H]2O1,1,training set
COc1cccc(c1)C1(O)CCCCC1CN(C)C,1,training set
CCOC(=O)C(CCc1ccccc1)NC(C)C(=O)N1C2CCCCC2CC1C(O)=O,1,training set
NC1CC1c1ccccc1,1,training set
ClC=C(Cl)Cl,1,training set
CN1CCN(CCCN2c3ccccc3Sc3ccc(cc23)C(F)(F)F)CC1,1,training set
NC(Cc1cc(I)c(Oc2ccc(O)c(I)c2)c(I)c1)C(O)=O,1,training set
CN1C(=O)OC(C)(C)C1=O,1,training set
COc1cc(cc(OC)c1OC)C(=O)NCc1ccc(OCCN(C)C)cc1,1,training set
COc1cc(Cc2cnc(N)nc2N)cc(OC)c1OC,1,training set
CN(C)CCN(Cc1ccccc1)c1ccccn1,1,training set
Cc1c(C)c2OC(C)(COc3ccc(CC4SC(=O)NC4=O)cc3)CCc2c(C)c1O,1,training set
N[C@H]1[C@@H]2CN(C[C@H]12)c1nc2N(C=C(C(O)=O)C(=O)c2cc1F)c1ccc(F)cc1F,1,training set
C[C@H](CCC(=O)NCCS(O)(=O)=O)[C@H]1CCC2C3[C@@H](O)C[C@@H]4C[C@H](O)CC[C@]4(C)C3CC[C@]12C,1,training set
O=C1NC=CC(=O)N1,1,training set
ClCCN(CCCl)C1=CNC(=O)NC1=O,1,training set
OCC1OC(C(O)C1O)N1C=CC(=O)NC1=O,1,training set
CCCC(CCC)C(O)=O,1,training set
CCCCC(=O)N(Cc1ccc(cc1)-c1ccccc1-c1nn[nH]n1)[C@@H](C(C)C)C(O)=O,1,training set
COc1cc2c(Nc3ccc(Br)cc3F)ncnc2cc1OCC1CCN(C)CC1,1,training set
COc1ccc(cc1)C(CN(C)C)C1(O)CCCCC1,1,training set
COc1ccc(CCN(C)CCCC(C#N)(C(C)C)c2ccc(OC)c(OC)c2)cc1OC,1,training set
Nc1ncnc2n(cnc12)[C@@H]1O[C@H](CO)[C@@H](O)[C@@H]1O,1,training set
CCC1=CC2CN(C1)Cc1c([nH]c3ccccc13)C(C2)(C(=O)OC)c1cc2c(cc1OC)N(C)C1C22CCN3CC=CC(CC)(C23)C(OC(C)=O)C1(O)C(=O)OC,1,training set
CC(=CCO)C=CC=C(C)C=CC1=C(C)CCCC1(C)C,1,training set
CC(C)CCCC(C)CCCC(C)CCCC1(C)CCc2c(C)c(O)c(C)c(C)c2O1,1,training set
CC(C)CCCC(C)CCCC(C)CCCC(C)=CCC1=C(C)C(=O)c2ccccc2C1=O,1,training set
OCC(CO)NC1CC(O)(CO)C(O)C(O)C1O,1,training set
CC(c1ncncc1F)C(O)(Cn1cncn1)c1ccc(F)cc1F,1,training set
CCOC(=O)CN[C@H](C1CCCCC1)C(=O)N1CC[C@H]1C(=O)NCc1ccc(cc1)C(=N)NO,1,training set
COc1cc(ccc1Cc1cn(C)c2ccc(NC(=O)OC3CCCC3)cc12)C(=O)NS(=O)(=O)c1ccccc1C,1,training set
NC1=NC(=O)N(C=C1)[C@H]1CC[C@@H](CO)O1,1,training set
CC1=CN([C@H]2C[C@H](N=[N+]=[N-])[C@@H](CO)O2)C(=O)NC1=O,1,training set
CN(C)C(=O)Cc1c(nc2ccc(C)cn12)-c1ccc(C)cc1,1,training set
CCC(CO)Nc1nc(NCc2ccccc2)c2ncn(C(C)C)c2n1,0,training set
OC(CC#N)C=C,0,training set
Nc1cc(Cl)cc(Cl)c1,0,training set
OCC1OC(CC1O)N1C=C(Br)C(=O)NC1=O,0,training set
CC(N)=O,0,training set
CC(O)=O,0,training set
CC(=O)NO,0,training set
CC(=O)Nc1c(I)cc(I)c(C(O)=O)c1I,0,training set
CC(=O)OCC[N+](C)(C)C,0,training set
CC(=O)OC(CC(O)=O)C[N+](C)(C)C,0,training set
N[C@@H]([C@@H]1CC(Cl)=NO1)C(O)=O,0,training set
COc1ccc(cc1C12CC3CC(CC(C3)C1)C2)-c1ccc2cc(ccc2c1)C(O)=O,0,training set
Nc1ncnc2[nH]cnc12,0,training set
Nc1ncnc2n(cnc12)C1OC(COP(O)(=O)OP(O)(=O)OP(O)(O)=O)C(O)C1O,0,training set
NCCSC(N)=N,0,training set
NC(CN(O)N=O)C(O)=O,0,training set
CC(C)(C)NCC(O)c1ccc(O)c(CO)c1,0,training set
CC1CC2C3C(Cl)CC4=CC(=O)C=CC4(C)C3C(O)CC2(C)C1(O)C(=O)CO,0,training set
CCC(=O)OCC(=O)C1(OC(=O)CC)C(C)CC2C3C(Cl)CC4=CC(=O)C=CC4(C)C3C(O)CC12C,0,training set
NCCCC(O)(P(O)(O)=O)P(O)(O)=O,0,training set
CCN1N=NN(CCN2CCC(COC)(CC2)N(C(=O)CC)c2ccccc2)C1=O,0,training set
C=CCC1(CC=C)C(=O)NC(=O)NC1=O,0,training set
O=C1NC(=O)C(=O)C(=O)N1,0,training set
Cc1nnc2CN=C(c3ccccc3)c3cc(Cl)ccc3-n12,0,training set
CCCCC[C@H](O)\C=C\[C@H]1[C@H](O)CC(=O)[C@@H]1CCCCCCC(O)=O,0,training set
CN(C)c1nc(nc(n1)N(C)C)N(C)C,0,training set
NC12CC3CC(CC(C3)C1)C2,0,training set
COC(C(Oc1nc(C)cc(C)n1)C(O)=O)(c1ccccc1)c1ccccc1,0,training set
Nc1c(Br)cc(Br)cc1CNC1CCC(O)CC1,0,training set
NCCCNCCSP(O)(O)=O,0,training set
NC(N)=NC(=O)c1nc(Cl)c(N)nc1N,0,training set
CCC1(CCC(=O)NC1=O)c1ccc(N)cc1,0,training set
Nc1ccc(cc1)C(O)=O,0,training set
NCCCCCC(O)=O,0,training set
CC(C)c1ccc2Oc3nc(N)c(cc3C(=O)c2c1)C(O)=O,0,training set
CCOC(=O)C1=C(COCCN)NC(C)=C(C1c1ccccc1Cl)C(=O)OC,0,training set
CCC1(CCC(C)C)C(=O)NC(=O)NC1=O,0,training set
Clc1ccc2Oc3ccccc3N=C(N3CCNCC3)c2c1,0,training set
COc1ccc(cc1)C1=CC(=S)SS1,0,training set
CCOC(=O)C1(CCN(CCc2ccc(N)cc2)CC1)c1ccccc1,0,training set
Nc1cc(Cl)c(N=C2NCCN2)c(Cl)c1,0,training set
CC(C)C1(CC=C)C(=O)NC(=O)NC1=O,0,training set
OC[C@H](O)[C@H]1OC(=O)C(O)=C1O,0,training set
CC(C=CC=C(C)C=CC1=C(C)C(=O)C(O)CC1(C)C)=CC=CC=C(C)C=CC=C(C)C=CC1=C(C)C(=O)C(O)CC1(C)C,0,training set
COc1ccc(CCN2CCC(CC2)Nc2nc3ccccc3n2Cc2ccc(F)cc2)cc1,0,training set
OC1=C(C2CCC(CC2)c2ccc(Cl)cc2)C(=O)c2ccccc2C1=O,0,training set
CN1C2CCC1CC(C2)OC(=O)C(CO)c1ccccc1,0,training set
CN1CCCC(CC1)N1N=C(Cc2ccc(Cl)cc2)c2ccccc2C1=O,0,training set
CC[C@H]1OC(=O)[C@H](C)[C@@H](O[C@H]2C[C@@](C)(OC)[C@@H](O)[C@H](C)O2)[C@H](C)[C@@H](O[C@@H]2O[C@H](C)C[C@@H]([C@H]2O)N(C)C)[C@](C)(O)C[C@@H](C)CN(C)[C@H](C)[C@@H](O)[C@]1(C)O,0,training set
CC1(C)S[C@H]2[C@@H](NC(=O)[C@H](NC(=O)N3CCNC3=O)c3ccccc3)C(=O)N2[C@@H]1C([O-])=O,0,training set
C[C@H]1[C@H](NC(=O)C(=N/OC(C)(C)C(O)=O)\c2csc(N)n2)C(=O)N1S(O)(=O)=O,0,training set
CCC1(CC)C(=O)NC(=O)NC1=O,0,training set
CC1CC2C3CCC4=CC(=O)C=CC4(C)C3(Cl)C(O)CC2(C)C1(O)C(=O)CO,0,training set
CCC(=O)OCC(=O)[C@@]1(OC(=O)CC)[C@@H](C)C[C@H]2[C@@H]3CCC4=CC(=O)C=C[C@]4(C)[C@@]3(Cl)[C@@H](O)C[C@]12C,0,training set
CCOC(=O)[C@H](CCc1ccccc1)N[C@H]1CCc2ccccc2N(CC(O)=O)C1=O,0,training set
CC#CCC(C)C(O)C=CC1C(O)CC2Oc3c(cccc3CCCC(O)=O)C12,0,training set
C[N+](C)(C)CC(O)=O,0,training set
C[C@H]1C[C@H]2[C@@H]3CCC4=CC(=O)C=C[C@]4(C)[C@@]3(F)[C@@H](O)C[C@]2(C)[C@@]1(O)C(=O)CO,0,training set
c1cn(cn1)C(c1ccccc1)c1ccc(cc1)-c1ccccc1,0,training set
Cc1ccc(cc1)C(=O)Oc1ccc(cc1OC(=O)c1ccc(C)cc1)C(O)CNC(C)(C)C,0,training set
S=C=Nc1ccc2ccccc2c1,0,training set
CC[N+](C)(C)Cc1ccccc1Br,0,training set
Brc1c(NC2=NCCN2)ccc2nccnc12,0,training set
CC(C)CC1N2C(=O)C(NC(=O)C3CN(C)C4Cc5c(Br)[nH]c6cccc(C4=C3)c56)(OC2(O)C2CCCN2C1=O)C(C)C,0,training set
CN(C)CCC(c1ccc(Br)cc1)c1ccccn1,0,training set
Cc1nnc2CN=C(c3cc(Br)sc3-n12)c1ccccc1Cl,0,training set
CCCCN1CCCCC1C(=O)Nc1c(C)cccc1C,0,training set
CN(Cc1ccc(cc1)C(C)(C)C)Cc1cccc2ccccc12,0,training set
CCCCC1(CC)C(=O)NC(=O)NC1=O,0,training set
Clc1ccc(CCC(Cn2ccnc2)Sc2c(Cl)cccc2Cl)cc1,0,training set
Oc1ccc2CC3N(CC4CCC4)CCC4(CCCCC34O)c2c1,0,training set
CCNC(=O)N(CCCN(C)C)C(=O)C1CC2C(Cc3c[nH]c4cccc2c34)N(CC=C)C1,0,training set
CC(C=CC(O)C1CC1)C1CCC2C(CCCC12C)=CC=C1CC(O)CC(O)C1=C,0,training set
[O-]C(=O)CN(CCN(CC([O-])=O)CC([O-])=O)CC([O-])=O,0,training set
CCOc1nc2cccc(C(O)=O)c2n1Cc1ccc(cc1)-c1ccccc1-c1nnn[nH]1,0,training set
NCCCC(N)CC(=O)NCC1NC(=O)C(CO)NC(=O)C(N)CNC(=O)C(NC(=O)C(NC1=O)=CNC(N)=O)C1CCN=C(N)N1,0,training set
C[N+](C)(C)CCOC(N)=O,0,training set
CNC(=O)Oc1cccc2ccccc12,0,training set
CC1(C)C(CCC2(C)C1CCC1(C)C2C(=O)C=C2C3CC(C)(CCC3(C)CCC12C)C(O)=O)OC(=O)CCC(O)=O,0,training set
CC1(C)[C@H](CC[C@@]2(C)[C@H]1CC[C@]1(C)[C@@H]2C(=O)C=C2[C@@H]3C[C@](C)(CC[C@]3(C)CC[C@@]12C)C([O-])=O)OC(=O)CCC([O-])=O,0,training set
C[C@@](Cc1ccc(O)c(O)c1)(NN)C(O)=O,0,training set
CCCCNC(=O)NS(=O)(=O)c1ccc(N)cc1,0,training set
CC(C)c1ccc(cc1S(C)(=O)=O)C(=O)NC(N)=N,0,training set
CCCC(C)(COC(N)=O)COC(=O)NC(C)C,0,training set
CC(C(O)=O)c1ccc2c(c1)[nH]c1ccc(Cl)cc21,0,training set
CC(C)(C)NCC(O)COc1cccc2NC(=O)CCc12,0,training set
Cn1nnnc1SCC1=C(N2C(SC1)C(NC(=O)C(O)c1ccccc1)C2=O)C(O)=O,0,training set
Cn1nnnc1SCC1=C(N2C(SC1)C(NC(=O)C(OC=O)c1ccccc1)C2=O)C(O)=O,0,training set
CC(=O)OCC1=C(N2C(SC1)C(NC(=O)CSc1ccncc1)C2=O)C(O)=O,0,training set
CON=C(C(=O)NC1C2SCC(C[N+]3(C)CCCC3)=C(N2C1=O)C(O)=O)c1csc(N)n1,0,training set
COC1(NC(=O)CSCC#N)C2SCC(CSc3nnnn3C)=C(N2C1=O)C(O)=O,0,training set
OC(C(=O)NC1C2SCC(CSc3nnnn3CS(O)(=O)=O)=C(N2C1=O)C(O)=O)c1ccccc1,0,training set
COCC1=C(N2C(SC1)C(NC(=O)C(=NOC)c1csc(N)n1)C2=O)C(=O)OC(C)O,0,training set
CC(C)(O\N=C(/C(=O)N[C@H]1[C@H]2SCC(C[n+]3ccccc3)=C(N2C1=O)C([O-])=O)c1csc(N)n1)C(O)=O,0,training set
Nc1nc(cs1)C(=CCC(O)=O)C(=O)NC1C2SCC=C(N2C1=O)C(O)=O,0,training set
CON=C(C(=O)NC1C2SCC(COC(N)=O)=C(N2C1=O)C(O)=O)c1ccco1,0,training set
CON=C(C(=O)NC1C2SCC(COC(N)=O)=C(N2C1=O)C(=O)OC(C)OC(C)=O)c1ccco1,0,training set
CON=C(C(=O)NC1C2SCC(COC(N)=O)=C(N2C1=O)C(=O)OC(C)OC(=O)C(C)(C)OC)c1ccco1,0,training set
CC(=O)OCC1=C(N2[C@H](SC1)[C@H](NC(=O)CSc1ccncc1)C2=O)C([O-])=O,0,training set
CC1=C(N2[C@H](SC1)[C@H](NC(=O)[C@H](N)C1=CCC=CC1)C2=O)C(O)=O,0,training set
CNC(=O)C1OC(C(O)C1O)n1cnc2c(NCc3cccc(I)c3)ncnc12,0,training set
CN=C1CN(O)C(=C2C=C(Cl)C=CC2=N1)c1ccccc1,0,training set
CCN(CC)CCCC(C)Nc1ccnc2cc(Cl)ccc12,0,training set
CN(C)C1C2CC3C(=C(O)C2(O)C(=O)C(C(N)=O)=C1O)C(=O)c1c(O)ccc(Cl)c1C3(C)O,0,training set
CC(=O)NC1C(O)OC(OS(O)(=O)=O)C(O)C1OC1OC(C(O)C(O)C1O)C(O)=O,0,training set
CC1=CC(=O)N(O)C(=C1)C1CCCCC1,0,training set
OCCN1CCN(CC\C=C2\c3ccccc3Sc3ccc(cc23)C(F)(F)F)CC1,0,training set
CN(C)CCCC1(OCc2cc(ccc12)C#N)c1ccc(F)cc1,0,training set
OC(=O)CC(O)(CC(O)=O)C(O)=O,0,training set
CN1CCC[C@@H]1CCO[C@](C)(c1ccccc1)c1ccc(Cl)cc1,0,training set
NC1CCN(C1)c1c(F)cc2C(=O)C(=CN(C3CC3)c2c1Cl)C(O)=O,0,training set
Oc1c(I)cc(Cl)c2cccnc12,0,training set
C[C@H]1C[C@H]2[C@@H]3CCC4=CC(=O)C=C[C@]4(C)[C@@]3(F)[C@@H](O)C[C@]2(C)[C@@]1(O)C(=O)CCl,0,training set
OP(O)(=O)C(Cl)(Cl)P(O)(O)=O,0,training set
Nc1ncnc2n(cnc12)C1OC(CO)CC1O,0,training set
CC(=O)OCC(=O)C1(O)CCC2C3CCC4=CC(=O)CCC4(C)C3C(=O)CC12C,0,training set
CC1(C)SC2C(NC(=O)C3(N)CCCCC3)C(=O)N2C1C(O)=O,0,training set
CCC1(C(=O)NC(=O)NC1=O)C1=CCCCC1,0,training set
CCC(C(O)=O)C1(O)CCCCC1,0,training set
OC1CC(CC(OC(=O)C=Cc2ccc(O)c(O)c2)C1O)(OC(=O)C=Cc1ccc(O)c(O)c1)C(O)=O,0,training set
Oc1cccc2C(=O)c3cccc(O)c3C(=O)c12,0,training set
Cc1ccccc1N1CCN(CCc2nnc3CCCCn23)CC1,0,training set
CCC1=C(CC2NCCc3cc(OC)c(OC)cc23)CC2N(CCc3cc(OC)c(OC)cc23)C1,0,training set
CNCCCN1c2ccccc2CCc2ccccc12,0,training set
CN1c2ccccc2C(=NC(NC(=O)c2cc3ccccc3[nH]2)C1=O)c1ccccc1,0,training set
CC(CN1CC(=O)NC(=O)C1)N1CC(=O)NC(=O)C1,0,training set
OC[C@H]1O[C@H](OC[C@H]2O[C@H](OC[C@@H](O)[C@@H](O)[C@H](O)[C@@H](O)C=O)[C@H](O)[C@@H](O)[C@@H]2O)[C@H](O)[C@@H](O)[C@@H]1O,0,training set
C[C@H](N)Cc1ccccc1,0,training set
COc1ccc2C[C@H]3[C@H]4CCCC[C@@]4(CCN3C)c2c1,0,training set
CC(=O)Nc1c(I)c(NC(C)=O)c(I)c(C(O)=O)c1I,0,training set
CC12CCC3=C4CCC(=O)C=C4CCC3C1CCC2(O)CC#N,0,training set
CCN(CC)C(=O)c1cccc(C)c1,0,training set
CC1OC(OC2C(O)CC(OC3CCC4(C)C(CCC5C4CCC4(C)C(CCC54O)C4=CC(=O)OC4)C3)OC2C)C(O)CC1OC1CC(O)C(O)C(C)O1,0,training set
C[C@H]1O[C@H](C[C@H](O)[C@@H]1O)O[C@H]1[C@@H](O)C[C@H](O[C@H]2[C@@H](O)C[C@H](O[C@H]3CC[C@@]4(C)[C@H](CC[C@@H]5[C@@H]4C[C@@H](O)[C@]4(C)C(CC[C@]54O)C4=CC(=O)OC4)C3)O[C@@H]2C)O[C@@H]1C,0,training set
COc1ccc(cc1)[C@@H]1Sc2ccccc2N(CCN(C)C)C(=O)[C@@H]1OC(C)=O,0,training set
CCOC(=O)C1(CC[NH+](CCC(C#N)(c2ccccc2)c2ccccc2)CC1)c1ccccc1,0,training set
CNCC(O)c1ccc(OC(=O)C(C)(C)C)c(OC(=O)C(C)(C)C)c1,0,training set
CCN(CC)C(S)=S,0,training set
COc1cc2CC(CC3CCN(Cc4ccccc4)CC3)C(=O)c2cc1OC,0,training set
COc1cc2nc(nc(N)c2cc1OC)N1CCN(CC1)C(=O)C1COc2ccccc2O1,0,training set
CCC(=C(c1ccc(OCCN(C)C)cc1)c1cccc(O)c1)c1ccccc1,0,training set
CCCCCC1=CC(O)=C2[C@@H]3C=C(C)CC[C@H]3C(C)(C)OC2=C1,0,training set
Fc1ccc(cc1)C(=O)CCCN1CCC(=CC1)N1C(=O)Nc2ccccc12,0,training set
Clc1ccc(COC(Cn2ccnc2)c2ccc(Cl)cc2Cl)cc1,0,training set
NCCCC(N)(C(F)F)C(O)=O,0,training set
CSc1ccc(cc1)C(=O)C1NC(=O)N=C1C,0,training set
CCCCCC(O)C=CC1C(O)CC2OC(CC12)=CCCCC(O)=O,0,training set
CCCCc1ncc(\C=C(/Cc2cccs2)C(O)=O)n1Cc1ccc(cc1)C(O)=O,0,training set
CC(C)[C@@H](C)\C=C\[C@@H](C)[C@H]1CC[C@H]2\C(CCC[C@]12C)=C\C=C1\C[C@@H](O)CCC1=C,0,training set
C[C@@H](CO)NC(=O)[C@H]1CN(C)[C@@H]2Cc3c[nH]c4cccc(C2=C1)c34,0,training set
CN1C[C@@H](C=C2[C@H]1Cc1c[nH]c3cccc2c13)C(=O)N[C@]1(C)O[C@@]2(O)[C@@H]3CCCN3C(=O)[C@H](Cc3ccccc3)N2C1=O,0,training set
CNC(=O)Oc1ccc2N(C)[C@H]3N(C)CC[C@@]3(C)c2c1,0,training set
Clc1ccc-2c(c1)C(=NCc1nncn-21)c1ccccc1,0,training set
CC12CCC3C(CCc4cc(OC(=O)c5ccccc5)ccc34)C1CCC2O,0,training set
CC12CCC3C(CCc4cc(O)ccc34)C1CCC2OC(=O)CCC1CCCCC1,0,training set
CCCCCCC(=O)OC1CCC2C3CCc4cc(O)ccc4C3CCC12C,0,training set
CCCCCCCCCCC(=O)OC1CCC2C3CCc4cc(O)ccc4C3CCC12C,0,training set
CC12CCC3C(CCc4cc(OS(O)(=O)=O)ccc34)C1CCC2=O,0,training set
CCC(=C)C(=O)c1ccc(OCC(O)=O)c(Cl)c1Cl,0,training set
CCCCCCCCC=CCCCCCCCC(=O)OCCN,0,training set
CCOc1ccc2nc(sc2c1)S(N)(=O)=O,0,training set
CCOC(=O)c1cncn1C(C)c1ccccc1,0,training set
CC(C)(C)NC(=O)C1CCC2C3CCC4NC(=O)C=CC4(C)C3CCC12C,0,training set
C[C@]12C[C@H](O)[C@@]3(F)[C@@H](CCC4=CC(=O)CC[C@]34C)[C@@H]1CC[C@]2(O)C(=O)CO,0,training set
CC1(C)OC2CC3C4CC(F)C5=CC(=O)C=CC5(C)C4C(O)CC3(C)C2(O1)C(=O)CO,0,training set
CN1c2ccc(cc2C(=NCC1=O)c1ccccc1F)N(=O)=O,0,training set
CCC(=O)OC1(C(C)CC2C3CC(F)C4=CC(=O)C=CC4(C)C3(F)C(O)CC12C)C(=O)SCF,0,training set
NC1=NC(=O)c2nc(CNc3ccc(cc3)C(=O)N[C@@H](CCC(O)=O)C(O)=O)cnc2N1,0,training set
[O-]C(=O)P([O-])([O-])=O,0,training set
CC(=O)NC(C(=O)NCOP(O)(O)=O)(c1ccccc1)c1ccccc1,0,training set
c1ccoc1,0,training set
CC[N+](CC)(CC)CCOc1cccc(OCC[N+](CC)(CC)CC)c1OCC[N+](CC)(CC)CC,0,training set
NC1=NC(=O)N(C=C1)C1OC(CO)C(O)C1(F)F,0,training set
CNC1C(O)C(OC2C(N)CC(N)C(OC3OC(CN)CCC3N)C2O)OCC1(C)O,0,training set
CN(C)c1ccc(cc1)C(=C1C=CC(C=C1)=[N+](C)C)c1ccc(cc1)N(C)C,0,training set
CCC1=C(C)CN(C(=O)NCCc2ccc(cc2)S(=O)(=O)NC(=O)NC2CCC(C)CC2)C1=O,0,training set
Cc1cnc(cn1)C(=O)NCCc1ccc(cc1)S(=O)(=O)NC(=O)NC1CCCCC1,0,training set
NC(CCC(O)=O)C(O)=O,0,training set
NC(CCC(=O)NC(CSSCC(NC(=O)CCC(N)C(O)=O)C(=O)NCC(O)=O)C(=O)NCC(O)=O)C(O)=O,0,training set
NCC(O)=O,0,training set
NC(=N)NN=Cc1c(Cl)cccc1Cl,0,training set
NC(=N)NCC1COC2(CCCCC2)O1,0,training set
NC(=N)NC(=O)Cc1c(Cl)cccc1Cl,0,training set
FC(F)(F)CN1c2ccc(Cl)cc2C(=NCC1=O)c1ccccc1,0,training set
CCC(=O)OC1(C(C)CC2C3CC(F)C4=CC(=O)C=CC4(C)C3(F)C(O)CC12C)C(=O)CCl,0,training set
CC(O)C1=C(C)c2cc3nc(cc4[nH]c(cc5nc(cc1[nH]2)C(C)=C5CCC(O)=O)c(CCC(O)=O)c4C)c(C)c3C(C)O,0,training set
CCC(C(CC)c1ccc(O)cc1)c1ccc(O)cc1,0,training set
CCCCC(CC)CN1CN(CC(CC)CCCC)CC(C)(N)C1,0,training set
CN1C(O)=NC(=O)C(C)(C2=CCCCC2)C1=O,0,training set
CC(=O)OCC(=O)C1(O)CCC2C3CCC4=CC(=O)CCC4(C)C3C(O)CC12C,0,training set
CN1CC23C4CCC(=O)C2Oc2c3c(CC14)ccc2O,0,training set
CCCCCCCN(CC)CCCC(O)c1ccc(NS(C)(=O)=O)cc1,0,training set
C[C@@H]1O[C@H](C[C@H](N)[C@@H]1O)O[C@H]1C[C@@](O)(CC2=C1C(O)=C1C(=O)C3=CC=CC=C3C(=O)C1=C2O)C(C)=O,0,training set
COC1=C(OC)C(=O)C(CCCCCCCCCCO)=C(C)C1=O,0,training set
C[C@H](C(=O)ON[C@H](CCC(O)=O)C(=O)COc1c(F)c(F)cc(F)c1F)C(=O)C(=O)Nc1ccccc1C(C)(C)C,0,training set
CCC(=C(c1ccc(I)cc1)c1ccc(OCCN2CCCC2)cc1)c1ccccc1,0,training set
CNC(=O)C(Cc1c[nH]c2ccccc12)NC(=O)C(CC(C)C)CC(=O)NO,0,training set
CC1Cc2ccccc2N1NC(=O)c1ccc(Cl)c(c1)S(N)(=O)=O,0,training set
CC(C)(C)NC(=O)[C@@H]1CN(Cc2cccnc2)CCN1C[C@@H](O)C[C@@H](Cc1ccccc1)C(=O)N[C@@H]1[C@H](O)Cc2ccccc12,0,training set
CC1(C)C(C=CC=CC=CC=C2Cc3c(ccc4ccccc34)N2CCCCS(O)(=O)=O)=[N+](CCCCS(O)(=O)=O)c2ccc3ccccc3c12,0,training set
OCC1OC(C(O)C1O)n1cnc2c1NC=NC2=O,0,training set
COCC(=O)Nc1c(I)c(C(=O)NCC(O)CO)c(I)c(C(=O)N(C)CC(O)CO)c1I,0,training set
Cc1cc(no1)C(=O)NNCc1ccccc1,0,training set
OC(=O)c1ccncc1,0,training set
CC(C)NCC(O)c1ccc(O)c(O)c1,0,training set
[O-][N+](=O)O[C@@H]1CO[C@@H]2[C@H](CO[C@H]12)O[N+]([O-])=O,0,training set
CN1C(C(=O)Nc2cc(C)on2)=C(O)c2ccccc2S1(=O)=O,0,training set
CC(COc1ccccc1)NC(C)C(O)c1ccc(O)cc1,0,training set
Cc1oc(nc1CCOc1ccc(CC2C(=O)NOC2=O)cc1)-c1ccccc1,0,training set
NC[C@H]1O[C@H](O[C@@H]2[C@@H](N)C[C@@H](N)[C@H](O[C@H]3O[C@H](CO)[C@@H](O)[C@H](N)[C@H]3O)[C@H]2O)[C@H](O)[C@@H](O)[C@@H]1O,0,training set
CNC1(CCCCC1=O)c1ccccc1Cl,0,training set
OC(=O)C1CCn2c1ccc2C(=O)c1ccccc1,0,training set
CN1CCC(CC1)=C1c2ccsc2C(=O)Cc2ccccc12,0,training set
COc1c2C(=O)C=C(C)Oc2c(OC)c2occc12,0,training set
CCCCCCCCCC=CC=CC(=O)NCC(=O)NC1C(O)C(O)C(Nc2ncnc3nc[nH]c23)OC1C(O)CO,0,training set
OC[C@H]1O[C@@H](O[C@H]2[C@H](O)[C@@H](O)[C@H](O)O[C@@H]2CO)[C@H](O)[C@@H](O)[C@H]1O,0,training set
CC(C)OC(=O)CCCC=CCC1C(O)CC(O)C1CCC(O)CCc1ccccc1,0,training set
CC(C)(C)NCC(O)COc1cccc2C(=O)CCCc12,0,training set
N[C@@H](Cc1ccc(O)c(O)c1)C(O)=O,0,training set
C[C@H]1COc2c(N3CCN(C)CC3)c(F)cc3C(=O)C(=CN1c23)C(O)=O,0,training set
CC1CC(=O)NN=C1c1ccc(NN=C(C#N)C#N)cc1,0,training set
N[C@@H](Cc1cc(I)c(Oc2ccc(O)c(I)c2)c(I)c1)C(O)=O,0,training set
OC(=O)C(=O)Nc1cc(cc(NC(=O)C(O)=O)c1Cl)C#N,0,training set
CN(C)C(=O)C(CCN1CCC(O)(CC1)c1ccc(Cl)cc1)(c1ccccc1)c1ccccc1,0,training set
N[C@@H](C(=O)N[C@H]1[C@H]2CCC(Cl)=C(N2C1=O)C(O)=O)c1ccccc1,0,training set
CCOC(=O)N1CCC(CC1)=C1c2ccc(Cl)cc2CCc2cccnc12,0,training set
CCOC(=O)CC(SP(=S)(OC)OC)C(=O)OCC,0,training set
CNCCCC12CCC(c3ccccc13)c1ccccc21,0,training set
CNC(=O)C(NC(=O)C(CC(C)C)C(O)C(=O)NO)C(C)(C)C,0,training set
C[C@@H](CC1=CC(O)=C(O)C=C1)[C@H](C)CC1=CC(O)=C(O)C=C1,0,training set
OC1(N2CCN=C2c2ccccc12)c1ccc(Cl)cc1,0,training set
Cc1cccc(CN2CCN(CC2)C(c2ccccc2)c2ccc(Cl)cc2)c1,0,training set
CN(C)C1C2C(O)C3C(=C)c4c(Cl)ccc(O)c4C(=O)C3=C(O)C2(O)C(=O)C(C(N)=O)=C1O,0,training set
C[C@H]1C[C@H]2[C@@H]3CC[C@](O)(C(C)=O)[C@@]3(C)CC[C@@H]2[C@@]2(C)CCC(=O)C=C12,0,training set
COc1ccc2[nH]cc(CCNC(C)=O)c2c1,0,training set
CC12CC3CC(C)(C1)CC(N)(C3)C2,0,training set
CCC1(NC(=O)N(C)C1=O)c1ccccc1,0,training set
CC1CCCC(N1C)C(=O)N(C)c1ccccc1C,0,training set
COc1ccc(O)cc1,0,training set
OS(=O)(=O)CCS,0,training set
CC1=Nc2ccccc2C(=O)N1c1ccccc1C,0,training set
CCC=CC(C)C1(CC=C)C(=O)NC(=O)N(C)C1=O,0,training set
COc1ccc(OC)c(c1)C(O)C(C)N,0,training set
CCC1(CC)C(=O)NCC(C)C1=O,0,training set
CC(N)(Cc1ccc(O)cc1)C(O)=O,0,training set
Cc1ncc2CN=C(c3ccccc3F)c3cc(Cl)ccc3-n12,0,training set
COc1ccc(OC)c(c1)C(O)CNC(=O)CN,0,training set
CC#CC1(O)CCC2C3CCC4=CC(=O)CCC4=C3C(CC12C)c1ccc(cc1)N(C)C,0,training set
OC(=O)C(CC(=O)N1CC2CCCCC2C1)Cc1ccccc1,0,training set
CCOC(=O)C(CCc1ccccc1)NC(C)C(=O)N1Cc2cc(OC)c(OC)cc2CC1C(O)=O,0,training set
CC1CC2C3CCC4=CC(=O)C=CC4(C)C3(Cl)C(O)CC2(C)C1(OC(=O)c1ccco1)C(=O)CCl,0,training set
C[C@@H]1C[C@H]2[C@@H]3CCC4=CC(=O)C=C[C@]4(C)[C@@]3(Cl)[C@@H](O)C[C@]2(C)[C@@]1(O)C(=O)CCl,0,training set
CCC1(CCC(O1)C1(C)CCC2(CC(O)C(C)C(O2)C(C)C(OC)C(C)C(O)=O)O1)C1OC(CC1C)C1OC(O)(CO)C(C)CC1C,0,training set
CO[C@]1(NC(=O)C(C([O-])=O)c2ccc(O)cc2)[C@H]2OCC(CSc3nnnn3C)=C(N2C1=O)C([O-])=O,0,training set
COc1nc(C)nc(Cl)c1N=C1NCCN1,0,training set
CC(O)C(C)C1OC1CC1COC(CC(C)=CC(=O)OCCCCCCCCC(O)=O)C(O)C1O,0,training set
O[C@H]1[C@H](O)[C@@H](O)[C@H](O)[C@H](O)[C@@H]1O,0,training set
CCCCCCC(C)(C)c1cc(O)c2C3CC(=O)CCC3C(C)(C)Oc2c1,0,training set
CCOc1ccc2ccccc2c1C(=O)N[C@H]1[C@H]2SC(C)(C)[C@@H](N2C1=O)C([O-])=O,0,training set
CN(CC=Cc1ccccc1)Cc1cccc2ccccc12,0,training set
OC1C=CC2C3Cc4ccc(O)c5OC1C2(CCCN3CC=C)c45,0,training set
Oc1ccc2CC3N(CC=C)CCC45C(Oc1c24)C(=O)CCC35O,0,training set
CCCCCCCCCC(=O)OC1CCC2C3CCC4=CC(=O)CCC4C3CCC12C,0,training set
CCC1=C(C)c2cc3[nH]c(cc4nc(C(CCC(O)=O)C4C)c(CC(=O)NC(CC(O)=O)C(O)=O)c4nc(cc1[nH]2)c(C)c4C(O)=O)c(C)c3C=C,0,training set
CCCc1c2OC(=CC(=O)c2cc2C(=O)C=C(N(CC)c12)C(O)=O)C(O)=O,0,training set
CN(C)C(=O)Oc1cccc(c1)[N+](C)(C)C,0,training set
O=C(CCNNC(=O)c1ccncc1)NCc1ccccc1,0,training set
COC(=O)C1=C(C)NC(C)=C(C1c1cccc(c1)N(=O)=O)C(=O)OCCN(C)Cc1ccccc1,0,training set
COC12CC(COC(=O)c3cncc(Br)c3)CN(C)C1Cc1cn(C)c3cccc2c13,0,training set
O=C(OCC(COC(=O)c1cccnc1)(COC(=O)c1cccnc1)COC(=O)c1cccnc1)c1cccnc1,0,training set
O=C(NCCON(=O)=O)c1cccnc1,0,training set
NC(=O)c1ccc[n+](c1)C1OC(COP(O)(=O)OP(O)(=O)OCC2OC(C(O)C2O)n2cnc3c(N)ncnc23)C(O)C1O,0,training set
OC(=O)c1cccnc1Nc1cccc(c1)C(F)(F)F,0,training set
CC1CS(=O)(=O)CCN1N=Cc1ccc(o1)N(=O)=O,0,training set
O=C1NCCN1c1ncc(s1)N(=O)=O,0,training set
O=C1CN=C(c2ccccc2)c2cc(ccc2N1)N(=O)=O,0,training set
NC(=O)NN=Cc1ccc(o1)[N+]([O-])=O,0,training set
COC(=O)Nc1nc2ccc(cc2[nH]1)C(=O)c1cccs1,0,training set
CC(=O)OC1(CCC2C3CCC4=CC(=O)CCC4C3CCC12C)C#C,0,training set
COc1ccc2C(OC(=O)c2c1OC)C1N(C)CCc2cc3OCOc3c(OC)c12,0,training set
CCCc1nc(c(C(=O)OCC2=C(C)OC(=O)O2)n1Cc1ccc(cc1)-c1ccccc1-c1nn[nH]n1)C(C)(C)O,0,training set
CN(C)CCC=C1c2ccccc2COc2ccc(CC(O)=O)cc12,0,training set
OC(=O)c1cc(ccc1O)N=Nc1ccc(O)c(c1)C(O)=O,0,training set
CN(C)CCOC(c1ccccc1)c1ccccc1C,0,training set
CC(C)NCC1CCc2cc(CO)c(cc2N1)N(=O)=O,0,training set
CC1(O)CCC2C3CCC4CC(=O)OCC4(C)C3CCC12C,0,training set
CN(C(=O)CN(CCO)CC(=O)N(C)C(C)(C)Cc1ccccc1)C(C)(C)Cc1ccccc1,0,training set
Clc1ccc(CON=C(Cn2ccnc2)c2ccc(Cl)cc2Cl)c(Cl)c1,0,training set
CC(C)NCC(O)COc1ccccc1OCC=C,0,training set
CC1c2nc[nH]c2C(=O)C(C)C1=O,0,training set
CCN(CC)CC#CCOC(=O)C(O)(C1CCCCC1)c1ccccc1,0,training set
COc1ccc2CC3N(C)CCC45C(Oc1c24)C(=O)CCC35O,0,training set
CCCCC1C(=O)N(N(C1=O)c1ccc(O)cc1)c1ccccc1,0,training set
CC[N+](C)(CC)CCOC(=O)C(O)(C1CCCCC1)c1ccccc1,0,training set
Oc1nc(O)c2cn[nH]c2n1,0,training set
CN(C)C1C2C(O)C3C(=C(O)C2(O)C(=O)C(C(N)=O)=C1O)C(=O)c1c(O)cccc1C3(C)O,0,training set
OC(=O)C=Cc1ccc(Cn2ccnc2)cc1,0,training set
CC(C)(CO)[C@@H](O)C(\O)=N\CCC(O)=O,0,training set
CCOC(=O)C(SP(=S)(OC)OC)c1ccccc1,0,training set
CN(CC#C)Cc1ccccc1,0,training set
NC[C@@H]1O[C@H](O[C@@H]2[C@@H](CO)O[C@@H](O[C@@H]3[C@@H](O)[C@H](N)C[C@H](N)[C@H]3O[C@H]3O[C@H](CO)[C@@H](O)[C@H](O)[C@H]3N)[C@@H]2O)[C@H](N)[C@@H](O)[C@@H]1O,0,training set
NC1=Nc2c(ncn2CCC(CO)CO)C(=O)N1,0,training set
NC(=N)c1ccc(OCCCCCOc2ccc(cc2)C(N)=N)cc1,0,training set
CCCCC(O)=O,0,training set
CC1C2Cc3ccc(O)cc3C1(C)CCN2CC=C(C)C,0,training set
OCC1OC(CC1O)n1cnc2C(O)CNC=Nc12,0,training set
CCCN1CC(CSC)CC2C1Cc1c[nH]c3cccc2c13,0,training set
CC1(C)C(C=C(Cl)Cl)C1C(=O)OCc1cccc(Oc2ccccc2)c1,0,training set
OCCN1CCN(CCCN2c3ccccc3Sc3ccc(Cl)cc23)CC1,0,training set
NC(=N)NC(=N)NCCc1ccccc1,0,training set
Oc1ccc(cc1)C1(OC(=O)c2ccccc12)c1ccc(O)cc1,0,training set
CC(COc1ccccc1)N(CCCl)Cc1ccccc1,0,training set
OC(=O)Cc1ccccc1,0,training set
C[C@@H](N)[C@@H](O)c1ccccc1,0,training set
CNC(=O)Oc1ccc2N(C)C3N(C)CCC3(C)c2c1,0,training set
CC[C@H]1[C@@H](Cc2cncn2C)COC1=O,0,training set
CC(\N=C(/NC#N)Nc1ccncc1)C(C)(C)C,0,training set
CC(C)NCC(O)COc1cccc2[nH]ccc12,0,training set
CCc1ccc(CCOc2ccc(CC3SC(=O)NC3=O)cc2)nc1,0,training set
CCN1CCN(C(=O)NC(C(=O)NC2C3SC(C)(C)C(N3C2=O)C(O)=O)c2ccccc2)C(=O)C1=O,0,training set
CCCCOCCOCCOCc1cc2OCOc2cc1CCC,0,training set
CC(C)(C)NCC(O)c1ccc(O)c(CO)n1,0,training set
CC1=CN(C(=O)C=C1)c1ccccc1,0,training set
OC=C,0,training set
CCC1=C(C)c2cc3nc(cc4nc(cc5[nH]c(cc1[nH]2)c(C)c5C(C)O)c(C)c4CCC(O)=O)C(CCC(O)=O)=C3C,0,training set
Clc1ccc2N(CC3CC3)C(=O)CN=C(c3ccccc3)c2c1,0,training set
O=C(C1CCCCC1)N1CC2N(CCc3ccccc23)C(=O)C1,0,training set
COc1cc(NC(C)CCCN)c2ncccc2c1,0,training set
CN(C)CCCN1c2ccccc2Sc2ccccc12,0,training set
CC(CN1c2ccccc2Sc2ccccc12)N(C)C,0,training set
CC(C)O,0,training set
CN[C@@H](C)[C@@H](O)c1ccccc1,0,training set
CN(C)C(=O)Oc1ccc[n+](C)c1,0,training set
Cc1ncc(COP(O)(O)=O)c(C=O)c1O,0,training set
Cc1ncc(CO)c(CO)c1O,0,training set
Fc1ccccc1C1=NCC(=S)N(CC(F)(F)F)c2ccc(Cl)cc12,0,training set
CC12CCC3C(CCc4cc(OC5CCCC5)ccc34)C1CCC2(O)C#C,0,training set
CCOC(Cc1ccc(OCCN2c3ccccc3Oc3ccccc23)cc1)C(O)=O,0,training set
Oc1ccc(cc1)-c1sc2cc(O)ccc2c1C(=O)c1ccc(OCCN2CCCCC2)cc1,0,training set
CNC(NCCSCc1ccc(CN(C)C)o1)=CN(=O)=O,0,training set
OC(=O)C(CC1=CC(=O)Nc2ccccc12)NC(=O)c1ccc(Cl)cc1,0,training set
CCC(=O)N(c1ccccc1)C1(CCN(CCC(=O)OC)CC1)C(=O)OC,0,training set
COC1C(CC2CN3CCc4c([nH]c5cc(OC)ccc45)C3CC2C1C(=O)OC)OC(=O)c1cc(OC)c(OC)c(OC)c1,0,training set
CC(N)C12CC3CC(CC(C3)C1)C2,0,training set
CCC(=O)C1(C)C(C)CC2C3CCC4=CC(=O)C=CC4(C)C3C(O)CC12C,0,training set
Cc1c(nn(c1-c1ccc(Cl)cc1)-c1ccc(Cl)cc1Cl)C(=O)NN1CCCCC1,0,training set
CC(=O)OC1C(CC2C3CCC4CC(O)C(CC4(C)C3CCC12C)N1CCOCC1)[N+]1(CC=C)CCCC1,0,training set
CN(C)C1C2CC3C(=C(O)C2(O)C(=O)C(C(=O)NCN2CCCC2)=C1O)C(=O)c1c(O)cccc1C3(C)O,0,training set
CCCN1CCCCC1C(=O)Nc1c(C)cccc1C,0,training set
OC(=O)c1ccccc1O,0,training set
OCc1cc(ccc1O)C(O)CNCCCCCCOCCCCc1ccccc1,0,training set
CC1OC(OC2CCC3(C)C4CCC5(C)C(CCC5(O)C4CCC3=C2)C2=CC(=O)OC=C2)C(O)C(O)C1OC1OC(CO)C(O)C(O)C1O,0,training set
OC(=O)c1ccccc1,0,training set
OC(O)=O,0,training set
OC[C@H](O)[C@@H](O)[C@H](O)[C@H](O)CO,0,training set
CC(C)NCC(O)c1ccc(NS(C)(=O)=O)cc1,0,training set
OCC1OC(CO)(OC2OC(CO)C(O)C(O)C2O)C(O)C1O,0,training set
CCC(=O)N(c1ccccc1)C1(COC)CCN(CCc2cccs2)CC1,0,training set
Clc1ccc(CSC(Cn2ccnc2)c2ccc(Cl)cc2Cl)cc1,0,training set
Nc1ccc(cc1)S(=O)(=O)NC(=O)c1ccccc1,0,training set
COc1ncnc(NS(=O)(=O)c2ccc(N)cc2)c1OC,0,training set
Cc1ccnc(NS(=O)(=O)c2ccc(N)cc2)n1,0,training set
Nc1ccc(cc1)S(=O)(=O)Nc1ccccn1,0,training set
CNS(=O)(=O)Cc1ccc2[nH]cc(CCN(C)C)c2c1,0,training set
CC(C(O)=O)c1ccc(cc1)C(=O)c1cccs1,0,training set
OC1C(COC(=O)c2cc(O)c(O)c(O)c2)OC(OC(=O)c2cc(O)c(O)c(O)c2)C(O)C1OC(=O)c1cc(O)c(O)c(O)c1,0,training set
CCOC(=O)c1ccc(nc1)C#Cc1ccc2SCCC(C)(C)c2c1,0,training set
CN1c2ccc(Cl)cc2C(=NC(O)C1=O)c1ccccc1,0,training set
COc1cc(cc(OC)c1O)C1C2C(COC2=O)C(OC2OC(C)C(OC(O)c3cccs3)C(O)C2O)c2cc3OCOc3cc12,0,training set
CC(C)(C)NCC(O)c1cc(O)cc(O)c1,0,training set
CCCCCCC(=O)OC1CCC2C3CCC4=CC(=O)CCC4(C)C3CCC12C,0,training set
CCCCNc1ccc(cc1)C(=O)OCCN(C)C,0,training set
CN1c2nc[nH]c2C(=O)N(C)C1=O,0,training set
OCCSCCCCCCCCCCSCCO,0,training set
NC(=O)c1csc(n1)C1OC(CO)C(O)C1O,0,training set
CC(C)(C)NCC(O)COc1nsnc1N1CCOCC1,0,training set
Clc1sccc1COC(Cn1ccnc1)c1ccc(Cl)cc1Cl,0,training set
Nc1n[n+](O)c2ccccc2[n+]1O,0,training set
COC1C(CCC2(CO2)C1C1(C)OC1CC=C(C)C)OC(=O)NC(=O)CCl,0,training set
CC(N)C(=O)Nc1c(C)cccc1C,0,training set
CC(C)CCCC(C)CCCC(C)CCCC1(C)CCc2c(C)c(OC(C)=O)c(C)c(C)c2O1,0,training set
CCC1(O)C(=O)OCC2=C1C=C1N(Cc3cc4c(CN(C)C)c(O)ccc4nc13)C2=O,0,training set
COc1ccc(C=CC(=O)Nc2ccccc2C(O)=O)cc1OC,0,training set
N[C@@H]1C[C@H]1c1ccccc1,0,training set
OC(=O)Cc1cc(I)c(Oc2ccc(O)c(I)c2)c(I)c1,0,training set
CC12CC(O)C3(F)C(CCC4=CC(=O)C=CC34C)C1CC(O)C2(O)C(=O)CO,0,training set
CC1(C)OC2CC3C4CCC5=CC(=O)C=CC5(C)C4(F)C(O)CC3(C)C2(O1)C(=O)CO,0,training set
Cc1nnc2CN=C(c3ccccc3Cl)c3cc(Cl)ccc3-n12,0,training set
COP(=O)(OC)C(O)C(Cl)(Cl)Cl,0,training set
OC(=O)C(Cl)(Cl)Cl,0,training set
Oc1cc(Cl)ccc1Oc1ccc(Cl)cc1Cl,0,training set
CN(C)CCCN1c2ccccc2Sc2ccc(cc12)C(F)(F)F,0,training set
OCC1OC(CC1O)N1C=C(C(=O)NC1=O)C(F)(F)F,0,training set
COc1cc(NCc2ccc3nc(N)nc(N)c3c2C)cc(OC)c1OC,0,training set
NC(CO)(CO)CO,0,training set
NC(Cc1c[nH]c2ccccc12)C(O)=O,0,training set
CC(C)(C)CC(C)(C)c1ccc(O)cc1,0,training set
NC(N)=O,0,training set
C[C@H](CCC(O)=O)[C@H]1CC[C@H]2[C@@H]3[C@@H](O)C[C@@H]4C[C@H](O)CC[C@]4(C)[C@H]3CC[C@]12C,0,training set
CC(C)C(N)C(=O)OCCOCN1C=NC2C1N=C(N)NC2=O,0,training set
CC(=O)OC1C(CC2C3CCC4CC(OC(C)=O)C(CC4(C)C3CCC12C)N1CCCCC1)[N+]1(C)CCCCC1,0,training set
NC(CCC(O)=O)C=C,0,training set
CC(C)CCCC(C)C1CCC2C(CCCC12C)=CC=C1CC(O)CCC1=C,0,training set
CC(=O)CC(C1=C(O)c2ccccc2OC1=O)c1ccccc1,0,training set
Cc1cccc(C)c1NC(=O)c1cc(c(Cl)cc1O)S(N)(=O)=O,0,training set
COC(=O)C1C(O)CCC2CN3CCc4c([nH]c5ccccc45)C3CC12,0,training set
Cc1cc(CC(O)=O)n(C)c1C(=O)c1ccc(Cl)cc1,0,training set
ClC1C(Cl)C(Cl)C(Cl)C(Cl)C1Cl,1,test set
Cc1c(cc(cc1N(=O)=O)N(=O)=O)N(=O)=O,1,test set
Nc1nc(NC2CC2)c2ncn([C@@H]3C[C@H](CO)C=C3)c2n1,1,test set
CC(=O)Nc1ccc(O)cc1,1,test set
CC(=O)Nc1nnc(s1)S(N)(=O)=O,1,test set
CC(C)(C)C(=O)OCOP(=O)(COCCn1cnc2c(N)ncnc12)OCOC(=O)C(C)(C)C,1,test set
CC(N)C(=O)NC(C)C(=O)NC1C2CN(CC12)c1nc2N(C=C(C(O)=O)C(=O)c2cc1F)c1ccc(F)cc1F,1,test set
Oc1ncnc2[nH]ncc12,1,test set
CCCN(CCC)C(=O)Cc1c(nc2ccc(Cl)cn12)-c1ccc(Cl)cc1,1,test set
CCCCc1oc2ccccc2c1C(=O)c1cc(I)c(OCCN(CC)CC)c(I)c1,1,test set
CC1(C)S[C@@H]2[C@H](NC(=O)[C@H](N)C3=CC=C(O)C=C3)C(=O)N2[C@H]1C(O)=O,1,test set
CC1(C)S[C@@H]2[C@H](NC(=O)[C@H](N)c3ccccc3)C(=O)N2[C@H]1C([O-])=O,1,test set
Oc1cccc2cc3cccc(O)c3c(O)c12,1,test set
OCC(O)C1OC(O)=C(O)C1=O,1,test set
COC(=O)NC(C(=O)NC(Cc1ccccc1)C(O)CN(Cc1ccc(cc1)-c1ccccn1)NC(=O)C(NC(=O)OC)C(C)(C)C)C(C)(C)C,1,test set
CC(C)NCC(O)COc1ccc(CC(N)=O)cc1,1,test set
Clc1ccc2Sc3ccccc3N(C(=O)CCN3CCN4CCCC4C3)c2c1,1,test set
N[C@@H](CO\C([O-])=C\[N+]#N)C(O)=O,1,test set
OC(=O)COc1nn(Cc2ccccc2)c2ccccc12,1,test set
CCc1oc2ccccc2c1C(=O)c1ccc(O)cc1,1,test set
CCc1oc2ccccc2c1C(=O)c1cc(Br)c(O)c(Br)c1,1,test set
CNCCc1ccccn1,1,test set
CC1(C)CCC2=C(O1)c1ccccc1C(=O)C2=O,1,test set
CCC(CCC(C)C1CCC2C3CC=C4CC(O)CCC4(C)C3CCC12C)C(C)C,1,test set
CC(=C)C1CCC2(CCC3(C)C(CCC4C5(C)CCC(O)C(C)(C)C5CCC34C)C12)C(O)=O,1,test set
Oc1c(Cl)cc(Cl)cc1Sc1cc(Cl)cc(Cl)c1O,1,test set
CCCCCOC(=O)NC1=NC(=O)N(C=C1F)C1OC(C)C(O)C1O,1,test set
COc1cc(CNC(=O)CCCC\C=C\C(C)C)ccc1O,1,test set
C[C@H](CS)C(=O)N1CCC[C@H]1C(O)=O,1,test set
CCN1CCN(C(=O)NC(C(=O)NC2C3SCC(CSc4nnnn4C)=C(N3C2=O)C(O)=O)c2ccc(O)cc2)C(=O)C1=O,1,test set
CC=CC1=C(N2C(SC1)C(NC(=O)C(N)c1ccc(O)cc1)C2=O)C(O)=O,1,test set
CON=C(C(=O)NC1C2SCC=C(N2C1=O)C(O)=O)C1=CSC(=N)N1,1,test set
Cc1ccc(cc1)-c1cc(nn1-c1ccc(cc1)S(N)(=O)=O)C(F)(F)F,1,test set
[O-]C(=O)C1=C(C[n+]2ccccc2)CS[C@@H]2[C@H](NC(=O)Cc3cccs3)C(=O)N12,1,test set
CC(=O)OCC1=C(N2C(SC1)C(NC(=O)CCCC(N)C(O)=O)C2=O)C(O)=O,1,test set
COCc1c(nc(C(C)C)c(\C=C\[C@@H](O)C[C@@H](O)CC(O)=O)c1-c1ccc(F)cc1)C(C)C,1,test set
OC(=O)COCCN1CCN(CC1)C(c1ccccc1)c1ccc(Cl)cc1,1,test set
CC(=O)OC1(CCC2C3C=C(Cl)C4=CC(=O)CCC4(C)C3CCC12C)C(C)=O,1,test set
ClC(Cl)Cl,1,test set
OC(=O)c1cc(nc2ccccc12)-c1ccccc1,1,test set
CC(C)(Oc1ccc(cc1)C1CC1(Cl)Cl)C(O)=O,1,test set
COc1cc2CCC(NC(C)=O)C3=CC(=O)C(OC)=CC=C3c2c(OC)c1OC,1,test set
CC1C2NCC(C)CC2OC11CCC2C3CC=C4CC(O)CCC4(C)C3CC2=C1C,1,test set
Clc1ccc(Cl)cc1,1,test set
Cc1onc(c1C(=O)N[C@H]1[C@H]2SC(C)(C)[C@@H](N2C1=O)C(O)=O)-c1c(Cl)cccc1Cl,1,test set
OC[C@@H]1CC[C@@H](O1)n1cnc2c1NC=NC2=O,1,test set
CCC(=C(CC)c1ccc(OP(O)(O)=O)cc1)c1ccc(OP(O)(O)=O)cc1,1,test set
CN1CC(CC2C1Cc1c[nH]c3cccc2c13)C(=O)NC1(C)OC2(O)C3CCCN3C(=O)C(Cc3ccccc3)N2C1=O,1,test set
CS(C)=O,1,test set
Oc1cccc(c1[N+]([O-])=O)[N+]([O-])=O,1,test set
CCCC(CCC)C([O-])=O,1,test set
CC(=C)[C@@H]1CCC(C)=CC1,1,test set
CN(C)CCC=C1c2ccccc2CSc2ccccc12,1,test set
FC(F)(F)C1(OC(=O)Nc2ccc(Cl)cc12)C#CC1CC1,1,test set
COc1ccc(cc1)C(=O)Nc1ccccc1CCC1CCCCN1C,1,test set
C[C@]12CC[C@H]3[C@@H](CCc4cc(O)ccc34)[C@@H]1CC[C@@H]2O,1,test set
C[C@]12CCC3C(CCc4cc(O)ccc34)C1CC[C@@H]2O[C@@H]1O[C@@H]([C@@H](O)[C@H](O)[C@H]1O)C(O)=O,1,test set
NC(N)=Nc1nc(CSCCC(N)=NS(N)(=O)=O)cs1,1,test set
CC(C(O)=O)c1cccc(Oc2ccccc2)c1,1,test set
OC[C@H]1O[C@H]([C@@H](F)[C@@H]1O)N1C=C(I)C(=O)NC1=O,1,test set
CN1CCC(C(O)C1)c1c(O)cc(O)c2C(=O)C=C(Oc12)c1ccccc1Cl,1,test set
OC(Cn1cncn1)(Cn1cncn1)c1ccc(F)cc1F,1,test set
CNCCC(Oc1ccc(cc1)C(F)(F)F)c1ccccc1,1,test set
NC1=NC(=O)c2nc(CNc3ccc(cc3)C(=O)NC(CCC(O)=O)C(O)=O)cnc2N1,1,test set
CC1OC1P(O)(O)=O,1,test set
CC1C(O)CCC2(C)C1CCC1(C)C2C(O)CC2C(C(CC12C)OC(C)=O)=C(CCC=C(C)C)C(O)=O,1,test set
COC1CC(C)CC2=C(OC)C(=O)C=C(NC(=O)C(C)=CC=CC(OC)C(OC(N)=O)C(C)=CC(C)C1O)C2=O,1,test set
OCC(O)COC(=O)c1ccccc1Nc1ccnc2cc(Cl)ccc12,1,test set
NC(Cc1ccc(O)cc1)C(O)=O,1,test set
COc1ccc(Cl)cc1C(=O)NCCc1ccc(cc1)S(=O)(=O)NC(=O)NC1CCCCC1,1,test set
NC(=N)NCCN1CCCCCCC1,1,test set
COc1ccc(cc1O)C1CC(=O)c2c(O)cc(OC3OC(COC4OC(C)C(O)C(O)C4O)C(O)C(O)C3O)cc2O1,1,test set
COC(=O)CC(O)(CCCC(C)(C)O)C(=O)OC1C2c3cc4OCOc4cc3CCN3CCCC23C=C1OC,1,test set
NS(=O)(=O)c1cc2c(NCNS2(=O)=O)cc1Cl,1,test set
CC(C)Cc1ccc(cc1)C(C)C(O)=O,1,test set
CN1CCN(Cc2ccc(cc2)C(=O)Nc2ccc(C)c(Nc3nccc(n3)-c3cccnc3)c2)CC1,1,test set
CN(C)CCCN1c2ccccc2CCc2ccccc12,1,test set
CC(C)NNC(=O)COc1ccc(Cl)cc1,1,test set
FC(F)OC(Cl)C(F)(F)F,1,test set
NNC(=O)c1ccncc1,1,test set
CC(=O)N1CCN(CC1)c1ccc(OC[C@H]2CO[C@@](Cn3ccnc3)(O2)c2ccc(Cl)cc2Cl)cc1,1,test set
CC(C(O)=O)c1cccc(c1)C(=O)c1ccccc1,1,test set
CC(CCc1ccccc1)NCC(O)c1ccc(O)c(c1)C(N)=O,1,test set
NC1=NC(=O)N(C=C1)[C@H]1CS[C@@H](CO)O1,1,test set
Nc1nnc(c(N)n1)-c1cccc(Cl)c1Cl,1,test set
Cc1c(OCC(F)(F)F)ccnc1CS(=O)c1nc2ccccc2[nH]1,1,test set
CCC(N1CCCC1=O)C(N)=O,1,test set
CC(C)C(N1CCCNC1=O)C(=O)NC(CC(O)C(Cc1ccccc1)NC(=O)COc1c(C)cccc1C)Cc1ccccc1,1,test set
O=C1NNC(=O)C=C1,1,test set
Cc1cccc(Nc2ccccc2C(O)=O)c1C,1,test set
CC(=O)OC1(CCC2C3C=C(C)C4=CC(=O)CCC4(C)C3CCC12C)C(C)=O,1,test set
CC(C)c1ccc(C)cc1O,1,test set
CCOC(=O)C1(CCN(C)CC1)c1ccccc1,1,test set
CCCC(C)(COC(N)=O)COC(N)=O,1,test set
Nc1ccc(O)c(c1)C(O)=O,1,test set
Cn1ccnc1S,1,test set
CC(N)(Cc1ccc(O)c(O)c1)C(O)=O,1,test set
CN(C)c1ccc2nc3ccc(cc3[s+]c2c1)N(C)C,1,test set
COCCc1ccc(OCC(O)CNC(C)C)cc1,1,test set
CC(N)COc1c(C)cccc1C,1,test set
OCCNCCNc1ccc(NCCNCCO)c2C(=O)c3c(O)ccc(O)c3C(=O)c12,1,test set
CCOC(=O)Nc1ccc2Sc3ccccc3N(C(=O)CCN3CCOCC3)c2c1,1,test set
COc1c(C)c2COC(=O)c2c(O)c1CC=C(C)CCC(O)=O,1,test set
COc1c(C)c2COC(=O)c2c(O)c1CC=C(C)CCC(=O)OCCN1CCOCC1,1,test set
OC(=O)c1cccnc1,1,test set
COCCOC(=O)C1=C(C)NC(C)=C(C1c1cccc(c1)[N+]([O-])=O)C(=O)OC(C)C,1,test set
CCOC(=O)C1=C(C)NC(C)=C(C1c1cccc(c1)[N+]([O-])=O)C(=O)OC,1,test set
CN1CC(c2ccccc2)c2cccc(N)c2C1,1,test set
C[C@]12CC[C@H]3[C@@H](CCC4=CC(=O)CC[C@H]34)[C@@H]1CC[C@@]2(O)C#C,1,test set
CNCCC=C1c2ccccc2CCc2ccccc12,1,test set
Oc1ccccc1Br,1,test set
Cc1onc(c1C(=O)NC1C2SC(C)(C)C(N2C1=O)C(O)=O)-c1ccccc1,1,test set
NC(=O)N1c2ccccc2CC(=O)c2ccccc12,1,test set
Fc1ccc(cc1)[C@@H]1CCNC[C@H]1COc1ccc2OCOc2c1,1,test set
CC1(C)SC2C(NC(=O)Cc3ccccc3)C(=O)N2C1C(O)=O,1,test set
CSCCC(NC(=O)C(Cc1c[nH]c2ccccc12)NC(=O)CCNC(=O)OCC(C)C)C(=O)NC(CC(O)=O)C(=O)NC(Cc1ccccc1)C(N)=O,1,test set
CN1CCN(CCCN2c3ccccc3Sc3ccccc23)CC1,1,test set
CCOc1ccc(NC(C)=O)cc1,1,test set
Oc1ccccc1,1,test set
CCC(C1=C(O)Oc2ccccc2C1=O)c1ccccc1,1,test set
C[C@]12CC(=O)[C@H]3[C@@H](CCC4=CC(=O)C=C[C@]34C)[C@@H]1CC[C@]2(O)C(=O)CO,1,test set
CC(C)(Sc1cc(c(O)c(c1)C(C)(C)C)C(C)(C)C)Sc1cc(c(O)c(c1)C(C)(C)C)C(C)(C)C,1,test set
CNNCc1ccc(cc1)C(=O)NC(C)C,1,test set
CN1CCN(CCCN2c3ccccc3Sc3ccc(Cl)cc23)CC1,1,test set
CCCNCC(O)COc1ccccc1C(=O)CCc1ccccc1,1,test set
COc1ccc(CC(N)C(=O)NC2C(CO)OC(C2O)n2cnc3c(ncnc23)N(C)C)cc1,1,test set
CCc1nc(N)nc(N)c1-c1ccc(Cl)cc1,1,test set
COC1C=COC2(C)Oc3c(C2=O)c2c(O)cc(NC(=O)C(C)=CC=CC(C)C(O)C(C)C(O)C(C)C(OC(C)=O)C1C)c(O)c2c(O)c3C,1,test set
CC(NCCc1ccc(O)cc1)C(O)c1ccc(O)cc1,1,test set
CN(CCOc1ccc(CC2SC(=O)NC2=O)cc1)c1ccccn1,1,test set
Cc1cc(C)c(C=C2C(=O)Nc3ccccc23)[nH]1,1,test set
CCC(O)(CC)C=CC=CC(C)C1CCC2C(CCCC12C)=CC=C1CC(O)CC(O)C1=C,1,test set
CCCc1nn(C)c2c1N=C(NC2=O)c1cc(ccc1OCC)S(=O)(=O)N1CCN(C)CC1,1,test set
CNC(=O)c1cc(Oc2ccc(NC(=O)Nc3ccc(Cl)c(c3)C(F)(F)F)cc2)ccn1,1,test set
O=C1c2ccccc2-c2n[nH]c3cccc1c23,1,test set
CN[C@@H]1[C@H](O)[C@H](NC)[C@H]2O[C@]3(O)[C@@H](O[C@H](C)CC3=O)O[C@@H]2[C@H]1O,1,test set
CC1(O)CCC2C3CCC4Cc5[nH]ncc5CC4(C)C3CCC12C,1,test set
Cc1[nH]c(C=C2C(=O)Nc3ccccc23)c(C)c1CCC(O)=O,1,test set
OC(=O)C(S)C(S)C(O)=O,1,test set
OC(=O)C1=C\C(C=CC1=O)=N\Nc1ccc(cc1)S(=O)(=O)Nc1ccccn1,1,test set
CN1C(C(=O)Nc2ccccn2)=C(O)c2sccc2S1(=O)=O,1,test set
c1nc(cs1)-c1nc2ccccc2[nH]1,1,test set
CSc1ccc2Sc3ccccc3N(CCC3CCCCN3C)c2c1,1,test set
NC(Cc1cc(I)c(Oc2cc(I)c(O)c(I)c2)c(I)c1)C(O)=O,1,test set
CCCCNC(=O)NS(=O)(=O)c1ccc(C)cc1,1,test set
Cc1ccc(cc1)C(=O)c1cc(O)c(O)c(c1)[N+]([O-])=O,1,test set
COc1ccc2c(cccc2c1C(F)(F)F)C(=S)N(C)CC(O)=O,1,test set
CN(C)CCOc1ccc(cc1)C(=C(CCCl)c1ccccc1)c1ccccc1,1,test set
NCC1CCC(CC1)C(O)=O,1,test set
Clc1cccc(c1)N1CCN(CCCN2N=C3C=CC=CN3C2=O)CC1,1,test set
NCCNCCNCCN,1,test set
COc1ccc(CN2CCNCC2)c(OC)c1OC,1,test set
COc1ccc(cc1OC)C(=O)N1CCN(CC1)c1ccc2NC(=O)CCc2c1,1,test set
CCCC(NC(=O)C1C2CCCC2CN1C(=O)C(NC(=O)C(NC(=O)c1cnccn1)C1CCCCC1)C(C)(C)C)C(=O)C(=O)NC1CC1,1,test set
CC(N(O)C(N)=O)c1cc2ccccc2s1,1,test set
CC(=O)Nc1cccc(O)c1,0,test set
NC(=O)c1ncn(C2OC(CO)C(O)C2O)c1N,0,test set
NC(=O)NC1NC(=O)NC1=O,0,test set
CC(=O)OCC(=O)C12OC3(CCCC3)OC1CC1C3CCC4=CC(=O)C=CC4(C)C3(F)C(O)CC21C,0,test set
NN=C(N)N,0,test set
CN1CCc2cccc-3c2C1Cc1ccc(O)c(O)c-31,0,test set
Cn1cnc2c(F)c(Nc3ccc(Br)cc3Cl)c(cc12)C(=O)NOCCO,0,test set
OC(=O)CCCCCCCC(O)=O,0,test set
CCOC(=O)OC(C)OC(=O)C1N2C(SC1(C)C)C(NC(=O)C(N)c1ccccc1)C2=O,0,test set
CN(C)C(=O)Oc1cc(OC(=O)N(C)C)cc(c1)C(O)CNC(C)(C)C,0,test set
CC(=O)Nc1ccc(OC(=O)c2ccccc2OC(C)=O)cc1,0,test set
CCc1oc2ccccc2c1C(=O)c1cc(I)c(O)c(I)c1,0,test set
O=C(OOC(=O)c1ccccc1)c1ccccc1,0,test set
CC(C)NCC(O)COc1ccc(CCOCC2CC2)cc1,0,test set
CCCCOCN(C(=O)CCl)c1c(CC)cccc1CC,0,test set
CCN1CCN(C(=O)N[C@@H](C(=O)N[C@H]2[C@H]3SCC(CSc4nnnn4C)=C(N3C2=O)C(O)=O)c2ccc(O)cc2)C(=O)C1=O,0,test set
COCC1=C(N2C(SC1)C(NC(=O)C(=NOC)c1csc(N)n1)C2=O)C(=O)OC(C)OC(=O)OC(C)C,0,test set
CCCCCCCCCCCCCCCC[N+](C)(C)C,0,test set
Cc1ccc(cc1)S(=O)(=O)NCl,0,test set
Cc1cc(O)cc(C)c1Cl,0,test set
C[N+](C)(C)OP([O-])(=O)OP(O)(=O)OC[C@H]1O[C@H]([C@H](O)[C@@H]1O)N1C=CC(N)=NC1=O,0,test set
Clc1ccccc1C(c1ccccc1)(c1ccccc1)n1ccnc1,0,test set
CN(CC(O)=O)C(N)=N,0,test set
OC(COc1cccc2OC(=CC(=O)c12)C(O)=O)COc1cccc2OC(=CC(=O)c12)C(O)=O,0,test set
CC1CC(CC(C)(C)C1)OC(=O)C(O)c1ccccc1,0,test set
Clc1ccc(cc1)C(c1ccc(Cl)cc1)C(Cl)(Cl)Cl,0,test set
CC(CCC(O)=O)C1CCC2C3C(CC(=O)C12C)C1(C)CCC(=S)CC1CC3=O,0,test set
CCNC(C)Cc1cccc(c1)C(F)(F)F,0,test set
CC12CCCCCC(Cc3ccc(O)cc13)C2N,0,test set
COc1ccc(cc1O)C1=CC(=O)c2c(O)cc(OC3OC(COC4OC(C)C(O)C(O)C4O)C(O)C(O)C3O)cc2O1,0,test set
CCNC1CC(C)S(=O)(=O)c2sc(cc12)S(N)(=O)=O,0,test set
CC[N+](C)(C)c1cccc(O)c1,0,test set
CCCCCCCCCCCCCC(=S)Nc1cc(C)c(O)c(C)c1C,0,test set
COc1cccc2C(=O)c3c(O)c4C[C@](O)(C[C@H](O[C@H]5C[C@H](N)[C@@H](O)[C@H](C)O5)c4c(O)c3C(=O)c12)C(=O)CO,0,test set
OC(=O)CSCC(=O)NC1CCSC1=O,0,test set
COC(=O)CCc1ccc(OCC(O)CNC(C)C)cc1,0,test set
CCC(=O)OC1CCC2C3CCc4cc(OC(=O)CC)ccc4C3CCC12C,0,test set
CC12CCC3C(CCc4cc(OC(=O)c5ccc(cc5)N(CCCl)CCCl)ccc34)C1CCC2OC(=O)c1ccc(cc1)N(CCCl)CCCl,0,test set
CCCCC(=O)OC1CCC2C3CCc4cc(O)ccc4C3CCC12C,0,test set
CC12CCC3C(CCc4cc(O)ccc34)C1CC(O)C2O,0,test set
CC(C)(C(O)=O)c1ccc(cc1)C(O)CCCN1CCC(CC1)C(O)(c1ccccc1)c1ccccc1,0,test set
CC(C(O)=O)c1ccc2oc(nc2c1)-c1ccc(F)cc1,0,test set
NCC1(CC(O)=O)CCCCC1,0,test set
NC1C(O)OC(CO)C(O)C1O,0,test set
CN1C2CCCC1CC(C2)NC(=O)c1nn(C)c2ccccc12,0,test set
CC(C)c1ccc(C)c2ccc(C)c2c1,0,test set
Oc1c(Cl)cc(Cl)c(Cl)c1Cc1c(O)c(Cl)cc(Cl)c1Cl,0,test set
NCCc1cnc[nH]1,0,test set
CCCC(=O)O[C@@]1(CC[C@H]2[C@@H]3CCC4=CC(=O)CC[C@]4(C)[C@H]3[C@@H](O)C[C@]12C)C(=O)CO,0,test set
CC#CCC(C)C(O)C=CC1C(O)CC2CC(CC12)=CCCCC(O)=O,0,test set
CCOC(=O)C(CCc1ccccc1)NC(C)C(=O)N1C(=O)N(C)C=C1C(O)=O,0,test set
CC(C)[N+]1(C)C2CCC1CC(C2)OC(=O)C(CO)c1ccccc1,0,test set
O=C1C(=COc2ccccc12)c1ccccc1,0,test set
NCC1OC(OC2C(N)CC(N)C(OC3OC(CO)C(O)C(N)C3O)C2O)C(N)C(O)C1O,0,test set
N[C@@H](CCCNC(N)=N)C(O)=O,0,test set
CC1CN(CCC1(C(O)=O)c1ccccc1)C1CCC(CC1)(C#N)c1ccc(F)cc1,0,test set
C[N+](C)(C)CC(O)CC(O)=O,0,test set
CCC(C)C(C)(COC(N)=O)COC(N)=O,0,test set
CN(C)CCOC(=O)COc1ccc(Cl)cc1,0,test set
COC(=O)c1ccccc1O,0,test set
CC[C@@H](CO)NC(=O)[C@H]1CN(C)[C@@H]2Cc3cn(C)c4cccc(C2=C1)c34,0,test set
CC(C)NCC(O)COc1cc(C)c(OC(C)=O)c(C)c1C,0,test set
COCC(=O)O[C@]1(CCN(C)CCCc2nc3ccccc3[nH]2)CCc2cc(F)ccc2[C@@H]1C(C)C,0,test set
CCCCN1CC(O)C(O)C(O)C1CO,0,test set
CCCCC(C)(O)CC=CC1C(O)CC(=O)C1CCCCCCC(=O)OC,0,test set
COc1ccc2cc(CCC(C)=O)ccc2c1,0,test set
CCN(CC1CCC1)C1Cc2ccc(O)c3OC4C(O)CCC1(O)C4(C)c23,0,test set
Oc1ccc2C[C@H]3N(CC4CC4)CC[C@@]45[C@@H](Oc1c24)C(=C)CC[C@@]35O,0,test set
CC1OC(OC2CC3OC(O)(CC(O)C3C(O)=O)CC(O)CC3OC3C=CC(=O)OC(C)CC=CC=CC=CC=C2)C(O)C(N)C1O,0,test set
NCC1CC(OC2C(N)CC(N)C(O)C2OC2OC(CO)C(OC3OC(CN)C(O)C(O)C3N)C2O)C(N)C(O)C1O,0,test set
CCN[C@@H]1C[C@H](N)[C@@H](O[C@H]2OC(CN)=CC[C@H]2N)[C@H](O)[C@H]1O[C@H]1OC[C@](C)(O)[C@H](NC)[C@H]1O,0,test set
FC(F)(F)c1ccc(C(=O)C2C(=O)CCCC2=O)c(c1)N(=O)=O,0,test set
OC(=O)C1=CC(=O)NC(=O)N1,0,test set
COc1ccc(C(=O)c2ccccc2)c(O)c1,0,test set
CC(=O)CC1C2=C(C)C(CC(O)(CC3C4(COC4CC(O)C3(C)C1=O)OC(C)=O)C2(C)C)OC(=O)C(O)C(NC(=O)c1ccccc1)c1ccccc1,0,test set
CC(C)(C)NC[C@H](O)COc1ccccc1C1CCCC1,0,test set
CC(=O)OC1C(CC2C3CCC4CC(OC(C)=O)C(CC4(C)C3CCC12C)N1CC[N+](C)(C)CC1)N1CC[N+](C)(C)CC1,0,test set
C1CNCCN1,0,test set
COc1cc(cc(OC)c1OC)C1C2C(COC2=O)C(O)c2cc3OCOc3cc12,0,test set
CC(C)C1NC([N]C(C2CCC(F)CC2)C1C=CC(O)CC(O)CC(O)=O)N(C)S(C)(=O)=O,0,test set
CCC(O)=O,0,test set
CN[C@H]1[C@H](O)[C@@H](O)[C@H](CO)O[C@H]1O[C@H]1[C@H](O[C@H]2[C@H](O)[C@@H](O)[C@H](N=C(N)N)[C@@H](O)[C@@H]2N=C(N)N)O[C@@H](C)[C@]1(O)C=O,0,test set
CN(N=O)C(=O)N[C@H]1[C@@H](O)O[C@H](CO)[C@@H](O)[C@@H]1O,0,test set
CNCC(O)c1ccc(O)cc1,0,test set
CN1CCN(CC(=O)N2c3c(C)scc3C(=O)Nc3ccccc23)CC1,0,test set
CC(C)N1CCN(CC1)c1ccc(OCC2COC(Cn3cncn3)(O2)c2ccc(Cl)cc2Cl)cc1,0,test set
CC12CCC3C(CCC4=CC(=O)CCC34C)C1CCC2OC(=O)CCC1CCCC1,0,test set
CCCCCCCCCC(=O)CC(=O)OC1CCC2C3CCC4=CC(=O)CCC4(C)C3CCC12C,0,test set
CC12CCC3C(CCC4=CC(=O)CCC34C)C1CCC2OC(=O)Cc1ccccc1,0,test set
CCC(=O)OC1CCC2C3CCC4=CC(=O)CCC4(C)C3CCC12C,0,test set
COc1ccccc1Oc1c(NS(=O)(=O)c2ccc(cn2)C(C)C)nc(nc1OCCO)-c1ccnc(c1)-c1nn[nH]n1,0,test set
CN(C)S(=O)(=O)c1ccc2Sc3ccccc3\C(=C\CCN3CCN(C)CC3)c2c1,0,test set
CC(C(O)=O)c1ccc(s1)C(=O)c1ccccc1,0,test set
CC(C)NC(=O)NS(=O)(=O)c1cnccc1Nc1cccc(C)c1,0,test set
O=C1N(Cc2ccccc2)C2C[S]3CCCC3C2N1Cc1ccccc1,0,test set
CC(CN(C)C)CN1c2ccccc2CCc2ccccc12,0,test set
C[C@H](N)C(=O)N[C@@H](C)C(=O)NC1[C@H]2CN(C[C@@H]12)c1nc2N(C=C(C(O)=O)C(=O)c2cc1F)c1ccc(F)cc1F,1,external validation set
OC(=O)Cc1ccc(OCC=C)c(Cl)c1,1,external validation set
OC(=O)CCCCCCNC1c2ccccc2CCc2ccccc12,1,external validation set
CN(C)CCCC1c2ccccc2Nc2ccc(Cl)cc12,1,external validation set
COc1ccc2c(C(=O)c3ccc(Cl)cc3)c(C)n(CC(O)=O)c2c1,1,external validation set
CC(=O)Oc1ccc(cc1)C(=C1CCCCC1)c1ccc(OC(C)=O)cc1,1,external validation set
CN1C2=C(OC(=O)N(C2=O)c2ccccn2)c2ccccc2S1(=O)=O,1,external validation set
NC(N)=Nc1nc(CSCCN=CNS(=O)(=O)c2ccc(Br)cc2)cs1,1,external validation set
Oc1ccc(C(=O)c2cc(O)c(O)c(O)c2)c(O)c1O,1,external validation set
OC(=O)Cc1csc(n1)-c1ccc(Cl)cc1,1,external validation set
CC(NN)c1ccccc1,1,external validation set
CN1CCCC(CN2c3ccccc3Sc3ccccc23)C1,1,external validation set
CN(C)Cc1ccc(CSCCN\C(NCc2ccc3OCOc3c2)=C/[N+]([O-])=O)o1,1,external validation set
Cc1nc(cn1-c1ccc(cc1)[N+]([O-])=O)[N+]([O-])=O,1,external validation set
CC(COc1ccccc1)NN,1,external validation set
NC(=O)C1CCN(CCCN2c3ccccc3Sc3ccc(Cl)cc23)CC1,1,external validation set
NC(=O)NS(=O)(=O)c1ccc(N)cc1,1,external validation set
Nc1ccc(cc1)S(=O)(=O)Nc1nccs1,1,external validation set
Cc1cc(Br)c(O)c2ncccc12,1,external validation set
CC(=O)Oc1ccc(cc1)C1(C(=O)N(C(C)=O)c2ccccc12)c1ccc(OC(C)=O)cc1,1,external validation set
NC1[C@@H]2CN(C[C@H]12)c1nc2N(C=C(C(O)=O)C(=O)c2cc1F)c1ccc(F)cc1F,1,external validation set
CCOC(Nc1ccc(cc1)C(O)=O)C(=O)c1ccc(cc1)-c1ccccc1,1,external validation set
CCOC(=O)CN[C@H](C1CCCCC1)C(=O)N1CC[C@H]1C(=O)NCc1ccc(cc1)C(\N)=N\O,1,external validation set
CN(C)CC=C(c1ccc(Br)cc1)c1cccnc1,1,external validation set
[O-][N+](=O)c1ccc(cc1)-c1ccc(C=NN2CC(=O)NC2=O)o1,1,external validation set
CC(=O)N1CCN(CC1)c1ccc(OC[C@@H]2CO[C@](Cn3ccnc3)(O2)c2ccc(Cl)cc2Cl)cc1,1,external validation set
NC1=NC(=O)N(C=C1)[C@@H]1CS[C@H](CO)O1,1,external validation set
C[C@]1(O)CC[C@H]2[C@@H]3CC[C@H]4CC(=O)OC[C@]4(C)[C@H]3CC[C@]12C,1,external validation set
C[C@]1(O)CC[C@H]2[C@@H]3CC[C@H]4CC(=O)C(C[C@]4(C)[C@H]3CC[C@]12C)=CO,1,external validation set
CN(c1ccc2c(C)n(C)nc2c1)c1ccnc(Nc2ccc(C)c(c2)S(N)(=O)=O)n1,1,external validation set
CCN(CC)CCNC(=O)c1c(C)[nH]c(\C=C2/C(=O)Nc3ccc(F)cc23)c1C,1,external validation set
C[C@H](Cn1cnc2c(N)ncnc12)OCP(O)(O)=O,1,external validation set
CCC[C@@]1(CCc2ccccc2)CC(=O)C([C@H](CC)c2cccc(NS(=O)(=O)c3ccc(cn3)C(F)(F)F)c2)=C(O)O1,1,external validation set
OC(=O)c1ccc(cc1)N1N\C(N\C1=C1\C=CC=CC1=O)=C1\C=CC=CC1=O,1,external validation set
CN(C)N\N=C1/N=CN=C1C(N)=O,1,external validation set
CC1=C(N\N=C2/C=CC=C(C2=O)c2cccc(c2)C(O)=O)C(=O)N(N1)c1ccc(C)c(C)c1,1,external validation set
COc1cc(C)c(\C=C\C(\C)=C\C=C\C(\C)=C/C(O)=O)c(C)c1C,1,external validation set
NC1=NC(=O)N(C=C1)[C@@H]1O[C@H](CO)[C@@H](O)[C@@H]1O,1,external validation set
CC(C)c1nnc(C)n1C1C[C@@H]2CC[C@H](C1)N2CC[C@H](NC(=O)C1CCC(F)(F)CC1)c1ccccc1,1,external validation set
CC(N)C(=O)OC(C)(C)Cc1ccc(Cl)cc1,1,external validation set
CCCCN1C(=O)[C@H](NC(=O)C11CCN(Cc2ccc(Oc3ccc(cc3)C(O)=O)cc2)CC1)[C@H](O)C1CCCCC1,1,external validation set
CC(=O)N[C@H]1[C@H](O)O[C@H](CO)[C@H](OS([O-])(=O)=O)[C@@H]1O[C@@H]1O[C@H]([C@@H](O)[C@H](O)[C@H]1O)C([O-])=O,1,external validation set
CN1CCC(CC1)Nc1ncc2ncnc(Nc3ccc(F)c(Cl)c3)c2n1,1,external validation set
COc1cccc2OC[C@H]3CN(CCCCN4C(=O)Nc5c(sc6ncc(nc56)-c5ccccc5)C4=O)C[C@H]3c12,1,external validation set
CO\N=C(/N)c1ccc(cc1)-c1ccc(o1)-c1ccc(cc1)C(\N)=N\OC,1,external validation set
CCO[C@@H]1OC(=O)C[C@@H]1NC(=O)[C@@H]1CCCN2N1C(=O)[C@H](CCC2=O)NC(=O)c1nccc2ccccc12,1,external validation set
Nc1nc(NC2CC2)c2ncn(C3C[C@@H](CO)C=C3)c2n1,1,external validation set
C[C@](O)(CS(=O)(=O)c1ccc(F)cc1)C(=O)Nc1ccc(C#N)c(c1)C(F)(F)F,1,external validation set
Clc1ccc2OC(=O)Nc2c1,1,external validation set
CCC(CO)NCCNC(CC)CO,1,external validation set
S=C1N=CNc2nc[nH]c12,1,external validation set
CN1C=CNC1=S,1,external validation set
C[C@](N)(Cc1ccc(O)c(O)c1)C(O)=O,1,external validation set
[O-][N+](=O)c1ccc(\C=N/N2CC(=O)NC2=O)o1,1,external validation set
CCCCCCCCCCC[C@@H](C[C@@H]1OC(=O)[C@H]1CCCCCC)OC(=O)[C@H](CC(C)C)NC=O,1,external validation set
CC1=C(CC(O)=O)c2cc(F)ccc2C1=Cc1ccc(cc1)S(C)=O,1,external validation set
CN(CC=CC#CC(C)(C)C)Cc1cccc2ccccc12,1,external validation set
C[C@H]1O[C@H](O[C@@H]2[C@@H](CO)O[C@H](O[C@@H]3[C@@H](CO)O[C@@H](O)[C@H](O)[C@H]3O)[C@H](O)[C@H]2O)[C@H](O)[C@@H](O)[C@@H]1N[C@H]1C=C(CO)[C@H](O)[C@H](O)[C@H]1O,1,external validation set
CC[C@H]1OC(=O)[C@H](C)[C@@H](O[C@H]2C[C@@](C)(OC)[C@@H](O)[C@H](C)O2)[C@H](C)[C@@H](O[C@@H]2O[C@H](C)C[C@@H]([C@H]2O)N(C)C)[C@](C)(O)C[C@@H](C)C(=O)[C@H](C)[C@@H](O)[C@]1(C)O,1,external validation set
CN1[C@H]2CC[C@@H]1CC(C2)OC(=O)C(CO)c1ccccc1,0,external validation set
CCCCNc1ccc(cc1)C(=O)OCCOCCOCCOCCOCCOCCOCCOCCOCCOC,0,external validation set
CC(Cc1ccccc1)N(C)Cc1ccccc1,0,external validation set
CN1[C@@H]2CC[C@@H]1CC(C2)OC(c1ccccc1)c1ccccc1,0,external validation set
C[N+](C)(C)CC([O-])=O,0,external validation set
CC(C[N+](C)(C)C)OC(N)=O,0,external validation set
OC(CCN1CCCCC1)(C1CC2CC1C=C2)c1ccccc1,0,external validation set
CN(C)CCOC(c1ccc(Cl)cc1)c1ccccn1,0,external validation set
N\C(Nc1ccc(Cl)cc1)=N/C(N)=NCCCCCCN=C(N)\N=C(/N)Nc1ccc(Cl)cc1,0,external validation set
CN1C[C@@H](C[C@H]2[C@H]1Cc1c[nH]c3cccc2c13)C(=O)N[C@]1(C)O[C@@]2(O)[C@@H]3CCCN3C(=O)[C@H](Cc3ccccc3)N2C1=O,0,external validation set
CN(C)CCOC(c1ccccc1)c1ccccc1,0,external validation set
CNC[C@H](O)c1ccc(O)c(O)c1,0,external validation set
CCCCCCCC\C=C\CCCCCCCC(O)=O,0,external validation set
CC(O)(P(O)(O)=O)P(O)(O)=O,0,external validation set
CC1=C(Oc2c(cccc2C1=O)C(=O)OCCN1CCCCC1)c1ccccc1,0,external validation set
NC(N)=NCCN1CCCCCCC1,0,external validation set
OC[C@H]1O[C@](O)(CO)[C@@H](O)[C@@H]1O[C@@H]1O[C@H](CO)[C@H](O)[C@H](O)[C@H]1O,0,external validation set
C[N+](C)(C)C[C@H](O)CC([O-])=O,0,external validation set
OCC(O)C(O)C(O)C(O)CO,0,external validation set
C[C@](N)(Cc1ccc(O)cc1)C(O)=O,0,external validation set
NC1=CC(=NC(=N)N1O)N1CCCCC1,0,external validation set
CO[C@]12[C@H]3N[C@H]3CN1C1=C([C@H]2COC(N)=O)C(=O)C(N)=C(C)C1=O,0,external validation set
NCC1OC(OC2C(CO)OC(OC3C(O)C(N)CC(N)C3OC3OC(CN)C(O)C(O)C3N)C2O)C(N)C(O)C1O,0,external validation set
NC[C@H](O)c1ccc(O)c(O)c1,0,external validation set
CC1C(OCCN1C)c1ccccc1,0,external validation set
CC(C)(N)Cc1ccccc1,0,external validation set
OC(CCN1CCCC1)(C1CCCCC1)c1ccccc1,0,external validation set
C[N+](C)(C)CCOC(=O)CCC(=O)OCC[N+](C)(C)C,0,external validation set
CCOc1ccccc1OCCN[C@H](C)Cc1ccc(OC)c(c1)S(N)(=O)=O,0,external validation set
